order_id,city_tier,category,delivery_status,item_accuracy,resolution_outcome,complaint_channel,reorder_risk,delivery_failure
NYK100000,tier3,skincare,delayed,correct,denied,app,0,1
NYK100001,tier2,haircare,on_time,correct,not_applicable,email,0,0
NYK100002,tier3,haircare,on_time,correct,not_applicable,social,0,0
NYK100003,tier2,skincare,on_time,correct,not_applicable,app,0,0
NYK100004,metro,skincare,on_time,correct,not_applicable,app,0,0
NYK100005,tier3,makeup,on_time,correct,not_applicable,email,0,0
NYK100006,tier3,haircare,on_time,correct,not_applicable,email,0,0
NYK100007,tier3,haircare,not_delivered,damaged,unresolved,email,1,1
NYK100008,metro,haircare,on_time,correct,not_applicable,email,0,0
NYK100009,tier2,makeup,on_time,correct,not_applicable,app,0,0
NYK100010,metro,skincare,on_time,correct,not_applicable,none,0,0
NYK100011,tier3,makeup,on_time,correct,not_applicable,app,0,0
NYK100012,tier2,skincare,on_time,correct,not_applicable,email,0,0
NYK100013,tier3,haircare,on_time,correct,not_applicable,none,0,0
NYK100014,tier2,skincare,delayed,correct,refunded,none,0,1
NYK100015,metro,skincare,on_time,wrong_item,refunded,app,0,0
NYK100016,tier2,makeup,on_time,correct,not_applicable,app,0,0
NYK100017,metro,makeup,on_time,correct,not_applicable,email,0,0
NYK100018,tier3,makeup,on_time,correct,not_applicable,call,0,0
NYK100019,tier2,makeup,on_time,correct,not_applicable,email,0,0
NYK100020,tier3,wellness,on_time,correct,not_applicable,call,0,0
NYK100021,metro,haircare,on_time,wrong_item,replaced,app,0,0
NYK100022,tier3,haircare,on_time,correct,not_applicable,call,0,0
NYK100023,tier3,makeup,not_delivered,correct,replaced,email,0,1
NYK100024,tier3,makeup,on_time,correct,not_applicable,social,0,0
NYK100025,metro,makeup,on_time,correct,not_applicable,call,0,0
NYK100026,tier2,makeup,delayed,correct,denied,app,0,1
NYK100027,metro,skincare,on_time,correct,not_applicable,call,0,0
NYK100028,metro,makeup,delayed,correct,replaced,email,0,1
NYK100029,tier2,skincare,on_time,correct,not_applicable,social,0,0
NYK100030,tier2,skincare,on_time,wrong_item,denied,none,1,0
NYK100031,tier3,haircare,delayed,correct,refunded,none,0,1
NYK100032,metro,skincare,on_time,correct,not_applicable,call,0,0
NYK100033,metro,makeup,on_time,correct,not_applicable,none,0,0
NYK100034,tier2,makeup,not_delivered,correct,replaced,app,0,1
NYK100035,metro,skincare,delayed,correct,unresolved,email,0,1
NYK100036,metro,haircare,delayed,correct,replaced,call,0,1
NYK100037,tier2,skincare,on_time,correct,not_applicable,social,0,0
NYK100038,metro,haircare,on_time,correct,not_applicable,social,0,0
NYK100039,tier2,haircare,on_time,correct,not_applicable,app,0,0
NYK100040,tier2,skincare,on_time,correct,not_applicable,none,0,0
NYK100041,tier3,skincare,on_time,correct,not_applicable,none,0,0
NYK100042,tier2,skincare,on_time,correct,not_applicable,none,0,0
NYK100043,metro,makeup,on_time,correct,not_applicable,call,0,0
NYK100044,tier3,skincare,on_time,correct,not_applicable,none,0,0
NYK100045,tier3,wellness,on_time,wrong_item,replaced,social,0,0
NYK100046,metro,skincare,on_time,correct,not_applicable,email,0,0
NYK100047,metro,haircare,on_time,correct,not_applicable,call,0,0
NYK100048,tier2,skincare,delayed,correct,refunded,social,0,1
NYK100049,metro,wellness,on_time,damaged,refunded,social,0,0
NYK100050,metro,skincare,on_time,correct,not_applicable,email,0,0
NYK100051,metro,makeup,on_time,correct,not_applicable,none,0,0
NYK100052,tier3,makeup,on_time,correct,not_applicable,app,0,0
NYK100053,tier2,skincare,on_time,correct,not_applicable,email,0,0
NYK100054,tier2,haircare,delayed,correct,replaced,call,0,1
NYK100055,tier3,skincare,on_time,correct,not_applicable,call,0,0
NYK100056,tier2,makeup,on_time,correct,not_applicable,call,0,0
NYK100057,tier2,makeup,on_time,correct,not_applicable,call,0,0
NYK100058,metro,makeup,on_time,correct,not_applicable,call,0,0
NYK100059,metro,skincare,not_delivered,correct,replaced,app,0,1
NYK100060,tier2,skincare,delayed,correct,denied,app,0,1
NYK100061,tier2,skincare,on_time,damaged,denied,email,1,0
NYK100062,tier2,skincare,delayed,correct,unresolved,call,0,1
NYK100063,tier3,skincare,on_time,correct,not_applicable,app,0,0
NYK100064,tier2,wellness,on_time,correct,not_applicable,app,0,0
NYK100065,tier2,makeup,delayed,correct,unresolved,app,0,1
NYK100066,tier2,makeup,on_time,correct,not_applicable,app,0,0
NYK100067,metro,makeup,delayed,correct,refunded,none,0,1
NYK100068,metro,skincare,on_time,correct,not_applicable,email,0,0
NYK100069,tier2,makeup,on_time,correct,not_applicable,call,0,0
NYK100070,metro,skincare,on_time,correct,not_applicable,call,0,0
NYK100071,tier2,skincare,delayed,wrong_item,refunded,app,0,1
NYK100072,tier3,makeup,on_time,correct,not_applicable,email,0,0
NYK100073,metro,makeup,on_time,correct,not_applicable,none,0,0
NYK100074,metro,wellness,on_time,correct,not_applicable,app,0,0
NYK100075,metro,skincare,on_time,correct,not_applicable,app,0,0
NYK100076,metro,makeup,on_time,correct,not_applicable,email,0,0
NYK100077,tier2,skincare,on_time,correct,not_applicable,app,0,0
NYK100078,tier2,skincare,on_time,correct,not_applicable,app,0,0
NYK100079,tier3,haircare,delayed,correct,unresolved,email,0,1
NYK100080,tier2,skincare,on_time,correct,not_applicable,email,0,0
NYK100081,tier2,makeup,on_time,correct,not_applicable,app,0,0
NYK100082,tier3,makeup,on_time,correct,not_applicable,social,0,0
NYK100083,metro,skincare,delayed,correct,refunded,app,0,1
NYK100084,metro,wellness,on_time,correct,not_applicable,call,0,0
NYK100085,metro,makeup,on_time,correct,not_applicable,email,0,0
NYK100086,tier2,haircare,on_time,correct,not_applicable,email,0,0
NYK100087,tier2,makeup,delayed,correct,refunded,email,0,1
NYK100088,metro,wellness,on_time,correct,not_applicable,email,0,0
NYK100089,tier2,skincare,on_time,correct,not_applicable,email,0,0
NYK100090,metro,makeup,on_time,correct,not_applicable,none,0,0
NYK100091,tier2,haircare,on_time,correct,not_applicable,email,0,0
NYK100092,tier2,skincare,on_time,correct,not_applicable,call,0,0
NYK100093,metro,makeup,on_time,correct,not_applicable,social,0,0
NYK100094,metro,wellness,on_time,correct,not_applicable,app,0,0
NYK100095,tier2,makeup,on_time,damaged,refunded,social,0,0
NYK100096,metro,haircare,on_time,correct,not_applicable,app,0,0
NYK100097,metro,makeup,not_delivered,correct,denied,call,0,1
NYK100098,metro,haircare,on_time,correct,not_applicable,email,0,0
NYK100099,tier3,haircare,on_time,correct,not_applicable,email,0,0
NYK100100,tier3,makeup,not_delivered,correct,refunded,app,0,1
NYK100101,tier2,skincare,on_time,correct,not_applicable,call,0,0
NYK100102,metro,skincare,delayed,correct,refunded,social,0,1
NYK100103,tier3,makeup,delayed,correct,replaced,none,0,1
NYK100104,tier3,haircare,on_time,correct,not_applicable,call,0,0
NYK100105,tier2,makeup,on_time,correct,not_applicable,app,0,0
NYK100106,tier2,skincare,on_time,correct,not_applicable,call,0,0
NYK100107,metro,skincare,delayed,correct,denied,call,0,1
NYK100108,metro,makeup,on_time,correct,not_applicable,app,0,0
NYK100109,tier3,haircare,on_time,correct,not_applicable,none,0,0
NYK100110,tier2,skincare,on_time,correct,not_applicable,call,0,0
NYK100111,metro,makeup,on_time,correct,not_applicable,call,0,0
NYK100112,metro,haircare,on_time,damaged,refunded,call,0,0
NYK100113,tier2,wellness,delayed,wrong_item,denied,app,1,1
NYK100114,metro,skincare,on_time,correct,not_applicable,call,0,0
NYK100115,tier3,wellness,on_time,correct,not_applicable,call,0,0
NYK100116,tier3,makeup,delayed,correct,replaced,call,0,1
NYK100117,tier2,haircare,on_time,wrong_item,replaced,email,0,0
NYK100118,tier2,skincare,on_time,correct,not_applicable,call,0,0
NYK100119,tier2,makeup,on_time,correct,not_applicable,email,0,0
NYK100120,tier2,makeup,on_time,correct,not_applicable,none,0,0
NYK100121,tier2,skincare,on_time,correct,not_applicable,call,0,0
NYK100122,metro,makeup,on_time,correct,not_applicable,call,0,0
NYK100123,tier2,makeup,on_time,correct,not_applicable,none,0,0
NYK100124,metro,makeup,on_time,correct,not_applicable,call,0,0
NYK100125,tier2,skincare,on_time,correct,not_applicable,call,0,0
NYK100126,metro,makeup,on_time,correct,not_applicable,social,0,0
NYK100127,metro,skincare,delayed,correct,replaced,email,0,1
NYK100128,metro,wellness,on_time,correct,not_applicable,none,0,0
NYK100129,tier2,wellness,on_time,correct,not_applicable,call,0,0
NYK100130,metro,skincare,delayed,correct,refunded,call,0,1
NYK100131,tier3,skincare,on_time,correct,not_applicable,app,0,0
NYK100132,tier2,skincare,on_time,correct,not_applicable,app,0,0
NYK100133,metro,makeup,on_time,correct,not_applicable,call,0,0
NYK100134,tier2,haircare,on_time,correct,not_applicable,app,0,0
NYK100135,metro,makeup,on_time,correct,not_applicable,call,0,0
NYK100136,tier3,skincare,delayed,correct,refunded,app,0,1
NYK100137,tier2,skincare,on_time,correct,not_applicable,app,0,0
NYK100138,tier3,skincare,on_time,correct,not_applicable,call,0,0
NYK100139,metro,haircare,on_time,correct,not_applicable,email,0,0
NYK100140,tier2,makeup,on_time,correct,not_applicable,call,0,0
NYK100141,tier2,makeup,delayed,wrong_item,unresolved,social,1,1
NYK100142,tier3,skincare,on_time,correct,not_applicable,app,0,0
NYK100143,tier2,wellness,on_time,correct,not_applicable,app,0,0
NYK100144,tier2,skincare,on_time,correct,not_applicable,none,0,0
NYK100145,metro,haircare,delayed,correct,refunded,none,0,1
NYK100146,metro,haircare,on_time,wrong_item,unresolved,call,1,0
NYK100147,tier2,makeup,on_time,damaged,refunded,call,0,0
NYK100148,tier2,haircare,on_time,correct,not_applicable,none,0,0
NYK100149,metro,skincare,on_time,wrong_item,replaced,call,0,0
NYK100150,tier3,haircare,on_time,correct,not_applicable,app,0,0
NYK100151,tier3,skincare,delayed,damaged,denied,app,1,1
NYK100152,metro,makeup,on_time,correct,not_applicable,app,0,0
NYK100153,tier2,skincare,on_time,correct,not_applicable,social,0,0
NYK100154,metro,skincare,on_time,correct,not_applicable,email,0,0
NYK100155,tier2,skincare,on_time,correct,not_applicable,app,0,0
NYK100156,metro,skincare,on_time,correct,not_applicable,app,0,0
NYK100157,tier2,makeup,delayed,correct,denied,app,0,1
NYK100158,tier2,makeup,on_time,correct,not_applicable,email,0,0
NYK100159,tier3,skincare,delayed,correct,refunded,none,0,1
NYK100160,metro,wellness,on_time,correct,not_applicable,call,0,0
NYK100161,tier3,wellness,on_time,correct,not_applicable,social,0,0
NYK100162,metro,skincare,on_time,correct,not_applicable,app,0,0
NYK100163,metro,makeup,on_time,correct,not_applicable,email,0,0
NYK100164,tier2,makeup,on_time,correct,not_applicable,call,0,0
NYK100165,metro,haircare,delayed,correct,refunded,app,0,1
NYK100166,tier3,makeup,delayed,correct,denied,call,0,1
NYK100167,tier3,haircare,delayed,correct,refunded,social,0,1
NYK100168,metro,skincare,delayed,correct,denied,app,0,1
NYK100169,tier3,skincare,on_time,correct,not_applicable,call,0,0
NYK100170,metro,haircare,on_time,correct,not_applicable,none,0,0
NYK100171,tier2,makeup,on_time,correct,not_applicable,social,0,0
NYK100172,metro,haircare,delayed,correct,denied,call,0,1
NYK100173,tier3,skincare,on_time,correct,not_applicable,app,0,0
NYK100174,metro,skincare,on_time,correct,not_applicable,social,0,0
NYK100175,metro,skincare,on_time,wrong_item,refunded,app,0,0
NYK100176,tier2,skincare,on_time,correct,not_applicable,app,0,0
NYK100177,tier3,skincare,delayed,correct,denied,app,0,1
NYK100178,tier3,makeup,on_time,correct,not_applicable,call,0,0
NYK100179,tier2,makeup,on_time,correct,not_applicable,email,0,0
NYK100180,tier3,haircare,delayed,correct,refunded,social,0,1
NYK100181,tier3,makeup,on_time,correct,not_applicable,call,0,0
NYK100182,tier2,skincare,on_time,correct,not_applicable,none,0,0
NYK100183,metro,haircare,on_time,correct,not_applicable,email,0,0
NYK100184,tier3,skincare,on_time,damaged,unresolved,email,1,0
NYK100185,tier2,haircare,on_time,correct,not_applicable,app,0,0
NYK100186,metro,skincare,on_time,correct,not_applicable,app,0,0
NYK100187,metro,makeup,on_time,correct,not_applicable,email,0,0
NYK100188,tier2,haircare,on_time,correct,not_applicable,email,0,0
NYK100189,metro,makeup,on_time,correct,not_applicable,app,0,0
NYK100190,tier3,makeup,delayed,correct,unresolved,call,0,1
NYK100191,metro,haircare,on_time,correct,not_applicable,call,0,0
NYK100192,metro,skincare,on_time,correct,not_applicable,call,0,0
NYK100193,tier3,haircare,on_time,correct,not_applicable,app,0,0
NYK100194,metro,haircare,on_time,correct,not_applicable,app,0,0
NYK100195,metro,wellness,delayed,correct,denied,call,0,1
NYK100196,tier2,makeup,on_time,wrong_item,unresolved,none,1,0
NYK100197,tier3,skincare,on_time,correct,not_applicable,social,0,0
NYK100198,metro,haircare,on_time,correct,not_applicable,app,0,0
NYK100199,metro,makeup,on_time,correct,not_applicable,app,0,0
NYK100200,tier3,skincare,on_time,correct,not_applicable,call,0,0
NYK100201,tier3,skincare,delayed,correct,denied,app,0,1
NYK100202,tier2,skincare,on_time,correct,not_applicable,social,0,0
NYK100203,metro,makeup,on_time,correct,not_applicable,call,0,0
NYK100204,metro,skincare,on_time,correct,not_applicable,none,0,0
NYK100205,metro,skincare,on_time,correct,not_applicable,app,0,0
NYK100206,metro,skincare,on_time,correct,not_applicable,none,0,0
NYK100207,tier2,wellness,on_time,correct,not_applicable,social,0,0
NYK100208,metro,skincare,on_time,correct,not_applicable,email,0,0
NYK100209,tier2,skincare,on_time,correct,not_applicable,none,0,0
NYK100210,tier2,makeup,on_time,correct,not_applicable,call,0,0
NYK100211,tier2,skincare,on_time,correct,not_applicable,app,0,0
NYK100212,metro,wellness,on_time,correct,not_applicable,call,0,0
NYK100213,tier3,wellness,on_time,correct,not_applicable,social,0,0
NYK100214,tier2,makeup,on_time,correct,not_applicable,none,0,0
NYK100215,tier2,makeup,on_time,correct,not_applicable,call,0,0
NYK100216,metro,makeup,on_time,correct,not_applicable,email,0,0
NYK100217,metro,skincare,on_time,correct,not_applicable,app,0,0
NYK100218,tier3,skincare,on_time,correct,not_applicable,app,0,0
NYK100219,metro,skincare,on_time,correct,not_applicable,email,0,0
NYK100220,metro,skincare,on_time,correct,not_applicable,call,0,0
NYK100221,tier2,makeup,on_time,correct,not_applicable,app,0,0
NYK100222,tier2,skincare,on_time,correct,not_applicable,social,0,0
NYK100223,tier3,skincare,delayed,correct,refunded,call,0,1
NYK100224,metro,makeup,on_time,correct,not_applicable,call,0,0
NYK100225,tier3,makeup,delayed,correct,refunded,app,0,1
NYK100226,metro,skincare,on_time,correct,not_applicable,app,0,0
NYK100227,tier2,skincare,on_time,correct,not_applicable,email,0,0
NYK100228,tier2,skincare,on_time,correct,not_applicable,none,0,0
NYK100229,metro,skincare,on_time,correct,not_applicable,app,0,0
NYK100230,metro,haircare,on_time,correct,not_applicable,social,0,0
NYK100231,tier2,wellness,on_time,wrong_item,refunded,social,0,0
NYK100232,tier3,makeup,on_time,correct,not_applicable,social,0,0
NYK100233,tier2,makeup,on_time,correct,not_applicable,email,0,0
NYK100234,tier3,haircare,delayed,correct,replaced,call,0,1
NYK100235,tier3,makeup,on_time,wrong_item,denied,social,1,0
NYK100236,tier2,skincare,delayed,correct,replaced,call,0,1
NYK100237,tier3,skincare,on_time,correct,not_applicable,app,0,0
NYK100238,metro,makeup,on_time,correct,not_applicable,call,0,0
NYK100239,metro,makeup,on_time,correct,not_applicable,call,0,0
NYK100240,tier3,skincare,on_time,correct,not_applicable,call,0,0
NYK100241,tier3,skincare,on_time,correct,not_applicable,none,0,0
NYK100242,metro,skincare,on_time,correct,not_applicable,call,0,0
NYK100243,tier2,skincare,on_time,damaged,denied,app,1,0
NYK100244,tier2,makeup,on_time,wrong_item,replaced,none,0,0
NYK100245,tier3,haircare,delayed,damaged,refunded,app,0,1
NYK100246,tier2,makeup,on_time,correct,not_applicable,app,0,0
NYK100247,tier2,skincare,on_time,correct,not_applicable,social,0,0
NYK100248,metro,skincare,on_time,correct,not_applicable,none,0,0
NYK100249,tier2,haircare,delayed,correct,refunded,email,0,1
NYK100250,tier2,makeup,delayed,correct,unresolved,call,0,1
NYK100251,tier3,skincare,not_delivered,correct,refunded,call,0,1
NYK100252,tier2,skincare,delayed,correct,refunded,social,0,1
NYK100253,metro,haircare,on_time,correct,not_applicable,none,0,0
NYK100254,metro,haircare,on_time,correct,not_applicable,app,0,0
NYK100255,tier2,haircare,on_time,correct,not_applicable,none,0,0
NYK100256,tier3,makeup,delayed,correct,refunded,email,0,1
NYK100257,metro,makeup,on_time,correct,not_applicable,app,0,0
NYK100258,metro,makeup,on_time,correct,not_applicable,app,0,0
NYK100259,tier2,skincare,delayed,correct,unresolved,app,0,1
NYK100260,metro,haircare,on_time,correct,not_applicable,none,0,0
NYK100261,tier3,makeup,delayed,wrong_item,refunded,call,0,1
NYK100262,metro,skincare,on_time,correct,not_applicable,email,0,0
NYK100263,metro,haircare,on_time,correct,not_applicable,app,0,0
NYK100264,tier3,makeup,on_time,correct,not_applicable,social,0,0
NYK100265,metro,skincare,on_time,correct,not_applicable,call,0,0
NYK100266,metro,skincare,on_time,correct,not_applicable,none,0,0
NYK100267,metro,haircare,on_time,correct,not_applicable,call,0,0
NYK100268,metro,wellness,on_time,correct,not_applicable,social,0,0
NYK100269,metro,makeup,on_time,correct,not_applicable,email,0,0
NYK100270,metro,wellness,on_time,correct,not_applicable,call,0,0
NYK100271,metro,haircare,on_time,correct,not_applicable,none,0,0
NYK100272,metro,haircare,on_time,correct,not_applicable,call,0,0
NYK100273,tier2,haircare,on_time,correct,not_applicable,none,0,0
NYK100274,tier2,makeup,on_time,correct,not_applicable,app,0,0
NYK100275,metro,haircare,on_time,wrong_item,denied,email,1,0
NYK100276,metro,makeup,on_time,correct,not_applicable,none,0,0
NYK100277,tier2,haircare,on_time,correct,not_applicable,none,0,0
NYK100278,tier3,skincare,on_time,correct,not_applicable,call,0,0
NYK100279,tier3,haircare,not_delivered,damaged,refunded,call,0,1
NYK100280,metro,wellness,on_time,correct,not_applicable,social,0,0
NYK100281,metro,skincare,on_time,correct,not_applicable,call,0,0
NYK100282,metro,wellness,on_time,wrong_item,refunded,none,0,0
NYK100283,metro,makeup,delayed,correct,denied,app,0,1
NYK100284,tier2,skincare,on_time,correct,not_applicable,app,0,0
NYK100285,tier2,skincare,on_time,correct,not_applicable,social,0,0
NYK100286,metro,haircare,delayed,wrong_item,denied,call,1,1
NYK100287,metro,makeup,delayed,correct,denied,call,0,1
NYK100288,tier2,skincare,on_time,correct,not_applicable,call,0,0
NYK100289,metro,makeup,on_time,correct,not_applicable,none,0,0
NYK100290,tier3,skincare,on_time,correct,not_applicable,email,0,0
NYK100291,metro,makeup,on_time,correct,not_applicable,none,0,0
NYK100292,tier3,haircare,delayed,correct,refunded,call,0,1
NYK100293,metro,haircare,on_time,correct,not_applicable,call,0,0
NYK100294,tier3,haircare,on_time,wrong_item,unresolved,app,1,0
NYK100295,tier3,makeup,on_time,correct,not_applicable,call,0,0
NYK100296,tier3,wellness,delayed,correct,replaced,app,0,1
NYK100297,tier3,skincare,on_time,correct,not_applicable,app,0,0
NYK100298,tier3,skincare,on_time,correct,not_applicable,call,0,0
NYK100299,tier2,skincare,not_delivered,damaged,unresolved,email,1,1
NYK100300,tier3,makeup,on_time,correct,not_applicable,call,0,0
NYK100301,metro,makeup,on_time,correct,not_applicable,call,0,0
NYK100302,tier2,haircare,on_time,correct,not_applicable,call,0,0
NYK100303,tier2,skincare,on_time,correct,not_applicable,call,0,0
NYK100304,tier3,skincare,delayed,correct,refunded,social,0,1
NYK100305,tier2,makeup,on_time,correct,not_applicable,social,0,0
NYK100306,metro,wellness,on_time,correct,not_applicable,social,0,0
NYK100307,tier2,skincare,on_time,correct,not_applicable,app,0,0
NYK100308,metro,skincare,on_time,correct,not_applicable,call,0,0
NYK100309,metro,skincare,on_time,correct,not_applicable,social,0,0
NYK100310,tier2,makeup,on_time,correct,not_applicable,none,0,0
NYK100311,tier2,skincare,on_time,correct,not_applicable,call,0,0
NYK100312,metro,skincare,on_time,correct,not_applicable,call,0,0
NYK100313,metro,makeup,not_delivered,correct,replaced,social,0,1
NYK100314,metro,skincare,on_time,correct,not_applicable,none,0,0
NYK100315,metro,makeup,on_time,correct,not_applicable,call,0,0
NYK100316,metro,skincare,on_time,correct,not_applicable,app,0,0
NYK100317,tier2,wellness,on_time,correct,not_applicable,social,0,0
NYK100318,metro,makeup,not_delivered,correct,refunded,email,0,1
NYK100319,tier3,skincare,on_time,correct,not_applicable,app,0,0
NYK100320,tier3,skincare,delayed,correct,denied,call,0,1
NYK100321,tier2,makeup,on_time,correct,not_applicable,email,0,0
NYK100322,metro,haircare,on_time,correct,not_applicable,email,0,0
NYK100323,tier2,skincare,on_time,correct,not_applicable,social,0,0
NYK100324,tier3,skincare,on_time,wrong_item,denied,app,1,0
NYK100325,tier2,skincare,on_time,correct,not_applicable,app,0,0
NYK100326,tier3,makeup,on_time,correct,not_applicable,email,0,0
NYK100327,tier2,wellness,on_time,correct,not_applicable,app,0,0
NYK100328,tier2,makeup,on_time,correct,not_applicable,call,0,0
NYK100329,metro,skincare,delayed,correct,replaced,call,0,1
NYK100330,tier2,haircare,on_time,correct,not_applicable,call,0,0
NYK100331,metro,haircare,on_time,correct,not_applicable,social,0,0
NYK100332,tier2,skincare,on_time,correct,not_applicable,app,0,0
NYK100333,tier3,skincare,on_time,correct,not_applicable,social,0,0
NYK100334,metro,makeup,on_time,correct,not_applicable,email,0,0
NYK100335,tier2,haircare,delayed,correct,refunded,call,0,1
NYK100336,metro,haircare,on_time,correct,not_applicable,none,0,0
NYK100337,tier2,haircare,delayed,correct,refunded,app,0,1
NYK100338,metro,haircare,on_time,wrong_item,refunded,social,0,0
NYK100339,tier3,skincare,delayed,correct,denied,app,0,1
NYK100340,metro,skincare,on_time,correct,not_applicable,none,0,0
NYK100341,tier3,skincare,not_delivered,damaged,refunded,app,0,1
NYK100342,tier3,haircare,on_time,correct,not_applicable,email,0,0
NYK100343,tier2,makeup,delayed,correct,refunded,app,0,1
NYK100344,tier3,skincare,on_time,correct,not_applicable,call,0,0
NYK100345,tier3,skincare,delayed,damaged,replaced,app,0,1
NYK100346,tier3,haircare,on_time,correct,not_applicable,app,0,0
NYK100347,metro,haircare,on_time,correct,not_applicable,app,0,0
NYK100348,tier2,haircare,on_time,correct,not_applicable,app,0,0
NYK100349,metro,skincare,on_time,correct,not_applicable,email,0,0
NYK100350,tier2,wellness,on_time,correct,not_applicable,call,0,0
NYK100351,metro,haircare,on_time,correct,not_applicable,app,0,0
NYK100352,tier2,haircare,on_time,wrong_item,refunded,none,0,0
NYK100353,tier2,haircare,on_time,correct,not_applicable,email,0,0
NYK100354,tier2,wellness,on_time,correct,not_applicable,app,0,0
NYK100355,tier2,wellness,on_time,correct,not_applicable,call,0,0
NYK100356,tier3,makeup,on_time,correct,not_applicable,call,0,0
NYK100357,tier3,makeup,on_time,correct,not_applicable,email,0,0
NYK100358,tier2,makeup,on_time,correct,not_applicable,none,0,0
NYK100359,tier2,haircare,on_time,correct,not_applicable,email,0,0
NYK100360,tier3,makeup,delayed,correct,unresolved,none,0,1
NYK100361,metro,skincare,on_time,correct,not_applicable,email,0,0
NYK100362,metro,skincare,on_time,correct,not_applicable,none,0,0
NYK100363,metro,wellness,on_time,wrong_item,refunded,email,0,0
NYK100364,tier2,haircare,on_time,correct,not_applicable,email,0,0
NYK100365,tier2,wellness,on_time,wrong_item,unresolved,email,1,0
NYK100366,tier3,makeup,delayed,correct,denied,social,0,1
NYK100367,tier2,haircare,on_time,correct,not_applicable,app,0,0
NYK100368,metro,haircare,on_time,correct,not_applicable,app,0,0
NYK100369,tier3,skincare,not_delivered,correct,replaced,app,0,1
NYK100370,tier3,skincare,on_time,correct,not_applicable,app,0,0
NYK100371,metro,wellness,on_time,correct,not_applicable,none,0,0
NYK100372,metro,skincare,on_time,wrong_item,replaced,email,0,0
NYK100373,metro,makeup,on_time,correct,not_applicable,app,0,0
NYK100374,metro,haircare,on_time,correct,not_applicable,call,0,0
NYK100375,metro,haircare,on_time,correct,not_applicable,app,0,0
NYK100376,tier3,skincare,on_time,damaged,denied,social,1,0
NYK100377,tier2,haircare,on_time,correct,not_applicable,none,0,0
NYK100378,metro,skincare,on_time,correct,not_applicable,app,0,0
NYK100379,tier2,haircare,on_time,correct,not_applicable,call,0,0
NYK100380,tier2,skincare,on_time,correct,not_applicable,none,0,0
NYK100381,tier3,haircare,on_time,correct,not_applicable,email,0,0
NYK100382,tier3,haircare,on_time,wrong_item,denied,none,1,0
NYK100383,tier2,skincare,delayed,correct,refunded,call,0,1
NYK100384,metro,skincare,on_time,correct,not_applicable,app,0,0
NYK100385,tier3,haircare,on_time,correct,not_applicable,email,0,0
NYK100386,tier2,skincare,on_time,correct,not_applicable,app,0,0
NYK100387,tier3,skincare,on_time,correct,not_applicable,social,0,0
NYK100388,metro,makeup,on_time,correct,not_applicable,social,0,0
NYK100389,tier3,wellness,on_time,correct,not_applicable,call,0,0
NYK100390,tier2,makeup,on_time,correct,not_applicable,call,0,0
NYK100391,metro,makeup,delayed,correct,unresolved,social,0,1
NYK100392,tier2,wellness,on_time,correct,not_applicable,none,0,0
NYK100393,tier2,makeup,on_time,correct,not_applicable,call,0,0
NYK100394,metro,makeup,on_time,correct,not_applicable,social,0,0
NYK100395,tier2,makeup,on_time,wrong_item,replaced,app,0,0
NYK100396,tier3,skincare,on_time,correct,not_applicable,none,0,0
NYK100397,metro,skincare,on_time,correct,not_applicable,email,0,0
NYK100398,tier2,haircare,delayed,damaged,replaced,app,0,1
NYK100399,tier2,skincare,delayed,correct,replaced,email,0,1
NYK100400,metro,haircare,delayed,correct,denied,email,0,1
NYK100401,tier3,skincare,on_time,correct,not_applicable,email,0,0
NYK100402,tier3,makeup,on_time,correct,not_applicable,call,0,0
NYK100403,metro,skincare,on_time,correct,not_applicable,email,0,0
NYK100404,tier3,makeup,on_time,correct,not_applicable,social,0,0
NYK100405,tier3,haircare,on_time,wrong_item,replaced,call,0,0
NYK100406,metro,makeup,on_time,correct,not_applicable,app,0,0
NYK100407,tier3,skincare,on_time,correct,not_applicable,none,0,0
NYK100408,metro,skincare,on_time,correct,not_applicable,email,0,0
NYK100409,tier3,haircare,on_time,correct,not_applicable,call,0,0
NYK100410,tier2,skincare,on_time,wrong_item,replaced,none,0,0
NYK100411,tier2,haircare,on_time,correct,not_applicable,app,0,0
NYK100412,metro,skincare,on_time,correct,not_applicable,social,0,0
NYK100413,tier3,skincare,on_time,correct,not_applicable,call,0,0
NYK100414,metro,haircare,on_time,correct,not_applicable,app,0,0
NYK100415,metro,makeup,delayed,correct,refunded,none,0,1
NYK100416,metro,skincare,on_time,correct,not_applicable,social,0,0
NYK100417,tier3,wellness,on_time,correct,not_applicable,app,0,0
NYK100418,metro,skincare,on_time,correct,not_applicable,none,0,0
NYK100419,tier3,makeup,delayed,correct,replaced,none,0,1
NYK100420,tier2,makeup,on_time,correct,not_applicable,social,0,0
NYK100421,metro,makeup,on_time,correct,not_applicable,app,0,0
NYK100422,metro,haircare,on_time,correct,not_applicable,app,0,0
NYK100423,metro,skincare,on_time,correct,not_applicable,social,0,0
NYK100424,tier2,wellness,on_time,correct,not_applicable,none,0,0
NYK100425,tier3,makeup,on_time,correct,not_applicable,app,0,0
NYK100426,metro,wellness,on_time,wrong_item,refunded,call,0,0
NYK100427,tier3,haircare,delayed,correct,unresolved,app,0,1
NYK100428,metro,wellness,on_time,correct,not_applicable,call,0,0
NYK100429,tier3,makeup,on_time,correct,not_applicable,email,0,0
NYK100430,tier3,makeup,on_time,correct,not_applicable,app,0,0
NYK100431,tier3,makeup,on_time,correct,not_applicable,email,0,0
NYK100432,tier2,haircare,on_time,wrong_item,refunded,email,0,0
NYK100433,tier3,makeup,on_time,correct,not_applicable,call,0,0
NYK100434,metro,haircare,on_time,correct,not_applicable,none,0,0
NYK100435,metro,skincare,not_delivered,correct,unresolved,app,0,1
NYK100436,metro,haircare,on_time,correct,not_applicable,app,0,0
NYK100437,tier2,skincare,delayed,correct,denied,call,0,1
NYK100438,tier2,wellness,delayed,damaged,denied,call,1,1
NYK100439,tier2,skincare,on_time,correct,not_applicable,app,0,0
NYK100440,tier3,skincare,on_time,correct,not_applicable,none,0,0
NYK100441,metro,haircare,on_time,wrong_item,unresolved,app,1,0
NYK100442,tier2,haircare,not_delivered,correct,refunded,app,0,1
NYK100443,metro,haircare,on_time,correct,not_applicable,social,0,0
NYK100444,metro,wellness,on_time,wrong_item,replaced,none,0,0
NYK100445,tier2,skincare,on_time,correct,not_applicable,call,0,0
NYK100446,tier3,haircare,delayed,correct,refunded,app,0,1
NYK100447,tier2,makeup,on_time,correct,not_applicable,call,0,0
NYK100448,metro,makeup,on_time,wrong_item,refunded,app,0,0
NYK100449,tier2,makeup,on_time,correct,not_applicable,call,0,0
NYK100450,metro,skincare,on_time,correct,not_applicable,email,0,0
NYK100451,tier3,makeup,delayed,correct,replaced,call,0,1
NYK100452,tier2,haircare,delayed,wrong_item,denied,call,1,1
NYK100453,metro,skincare,on_time,correct,not_applicable,social,0,0
NYK100454,metro,wellness,on_time,correct,not_applicable,app,0,0
NYK100455,metro,makeup,on_time,wrong_item,denied,app,1,0
NYK100456,tier3,skincare,on_time,correct,not_applicable,social,0,0
NYK100457,tier2,makeup,on_time,correct,not_applicable,app,0,0
NYK100458,tier3,skincare,on_time,correct,not_applicable,app,0,0
NYK100459,tier2,skincare,on_time,correct,not_applicable,app,0,0
NYK100460,tier2,haircare,not_delivered,correct,refunded,email,0,1
NYK100461,metro,skincare,on_time,correct,not_applicable,email,0,0
NYK100462,tier3,skincare,on_time,correct,not_applicable,call,0,0
NYK100463,metro,haircare,on_time,correct,not_applicable,call,0,0
NYK100464,tier2,skincare,on_time,correct,not_applicable,call,0,0
NYK100465,tier2,haircare,delayed,correct,denied,app,0,1
NYK100466,tier2,haircare,on_time,wrong_item,refunded,social,0,0
NYK100467,tier3,skincare,on_time,correct,not_applicable,none,0,0
NYK100468,metro,makeup,on_time,correct,not_applicable,call,0,0
NYK100469,tier2,skincare,on_time,correct,not_applicable,call,0,0
NYK100470,tier2,makeup,on_time,correct,not_applicable,social,0,0
NYK100471,tier2,skincare,on_time,correct,not_applicable,app,0,0
NYK100472,metro,wellness,on_time,correct,not_applicable,call,0,0
NYK100473,metro,skincare,on_time,wrong_item,refunded,none,0,0
NYK100474,metro,haircare,on_time,correct,not_applicable,app,0,0
NYK100475,metro,skincare,on_time,correct,not_applicable,app,0,0
NYK100476,tier2,skincare,on_time,correct,not_applicable,call,0,0
NYK100477,tier2,makeup,on_time,correct,not_applicable,email,0,0
NYK100478,tier2,makeup,on_time,correct,not_applicable,email,0,0
NYK100479,tier2,wellness,delayed,correct,refunded,app,0,1
NYK100480,tier2,skincare,not_delivered,correct,replaced,email,0,1
NYK100481,metro,skincare,on_time,correct,not_applicable,app,0,0
NYK100482,tier2,makeup,delayed,correct,replaced,none,0,1
NYK100483,metro,makeup,on_time,correct,not_applicable,app,0,0
NYK100484,metro,haircare,on_time,correct,not_applicable,app,0,0
NYK100485,tier2,wellness,on_time,correct,not_applicable,email,0,0
NYK100486,tier2,haircare,on_time,correct,not_applicable,app,0,0
NYK100487,metro,skincare,on_time,correct,not_applicable,email,0,0
NYK100488,tier2,makeup,not_delivered,correct,refunded,app,0,1
NYK100489,tier2,haircare,on_time,wrong_item,refunded,call,0,0
NYK100490,tier2,skincare,on_time,correct,not_applicable,app,0,0
NYK100491,tier2,haircare,on_time,correct,not_applicable,call,0,0
NYK100492,tier2,skincare,delayed,wrong_item,replaced,app,0,1
NYK100493,metro,skincare,on_time,correct,not_applicable,call,0,0
NYK100494,tier3,haircare,delayed,correct,denied,app,0,1
NYK100495,tier2,skincare,delayed,correct,refunded,social,0,1
NYK100496,tier2,wellness,on_time,correct,not_applicable,email,0,0
NYK100497,tier2,skincare,on_time,correct,not_applicable,app,0,0
NYK100498,metro,skincare,on_time,correct,not_applicable,app,0,0
NYK100499,tier2,skincare,on_time,correct,not_applicable,app,0,0
NYK100500,tier2,skincare,on_time,correct,not_applicable,app,0,0
NYK100501,tier3,makeup,on_time,damaged,denied,call,1,0
NYK100502,tier3,skincare,on_time,correct,not_applicable,call,0,0
NYK100503,tier2,makeup,on_time,damaged,denied,none,1,0
NYK100504,tier2,haircare,on_time,correct,not_applicable,social,0,0
NYK100505,tier3,makeup,delayed,correct,replaced,app,0,1
NYK100506,metro,skincare,on_time,wrong_item,refunded,app,0,0
NYK100507,tier3,makeup,on_time,correct,not_applicable,app,0,0
NYK100508,tier2,haircare,on_time,correct,not_applicable,app,0,0
NYK100509,metro,makeup,on_time,correct,not_applicable,call,0,0
NYK100510,metro,skincare,on_time,correct,not_applicable,app,0,0
NYK100511,tier3,makeup,delayed,correct,unresolved,app,0,1
NYK100512,metro,makeup,on_time,damaged,replaced,app,0,0
NYK100513,metro,skincare,on_time,correct,not_applicable,email,0,0
NYK100514,metro,skincare,delayed,correct,replaced,app,0,1
NYK100515,metro,wellness,on_time,correct,not_applicable,none,0,0
NYK100516,metro,skincare,on_time,correct,not_applicable,call,0,0
NYK100517,tier2,skincare,on_time,correct,not_applicable,call,0,0
NYK100518,metro,skincare,on_time,correct,not_applicable,call,0,0
NYK100519,tier3,makeup,delayed,correct,unresolved,call,0,1
NYK100520,tier3,makeup,delayed,correct,denied,call,0,1
NYK100521,metro,skincare,on_time,correct,not_applicable,call,0,0
NYK100522,metro,makeup,on_time,correct,not_applicable,call,0,0
NYK100523,tier2,haircare,on_time,correct,not_applicable,call,0,0
NYK100524,metro,skincare,delayed,correct,denied,app,0,1
NYK100525,metro,wellness,on_time,correct,not_applicable,email,0,0
NYK100526,tier3,skincare,delayed,correct,denied,email,0,1
NYK100527,tier3,skincare,on_time,correct,not_applicable,email,0,0
NYK100528,tier3,wellness,on_time,correct,not_applicable,none,0,0
NYK100529,metro,haircare,on_time,correct,not_applicable,call,0,0
NYK100530,tier2,skincare,on_time,damaged,refunded,none,0,0
NYK100531,tier2,haircare,on_time,wrong_item,denied,call,1,0
NYK100532,metro,makeup,on_time,correct,not_applicable,call,0,0
NYK100533,tier2,skincare,on_time,wrong_item,refunded,email,0,0
NYK100534,metro,haircare,on_time,correct,not_applicable,app,0,0
NYK100535,metro,haircare,on_time,correct,not_applicable,app,0,0
NYK100536,tier2,skincare,on_time,correct,not_applicable,call,0,0
NYK100537,metro,makeup,on_time,correct,not_applicable,app,0,0
NYK100538,metro,makeup,on_time,correct,not_applicable,app,0,0
NYK100539,tier3,skincare,delayed,wrong_item,unresolved,social,1,1
NYK100540,tier3,wellness,delayed,correct,replaced,call,0,1
NYK100541,tier2,makeup,on_time,correct,not_applicable,app,0,0
NYK100542,tier3,makeup,on_time,correct,not_applicable,app,0,0
NYK100543,tier3,makeup,delayed,correct,refunded,none,0,1
NYK100544,metro,makeup,on_time,correct,not_applicable,none,0,0
NYK100545,tier2,skincare,delayed,correct,replaced,email,0,1
NYK100546,metro,wellness,on_time,correct,not_applicable,app,0,0
NYK100547,metro,makeup,on_time,correct,not_applicable,call,0,0
NYK100548,tier3,haircare,on_time,correct,not_applicable,call,0,0
NYK100549,tier2,makeup,on_time,correct,not_applicable,social,0,0
NYK100550,tier2,skincare,delayed,correct,denied,call,0,1
NYK100551,metro,skincare,on_time,correct,not_applicable,social,0,0
NYK100552,metro,makeup,delayed,correct,replaced,call,0,1
NYK100553,tier3,skincare,on_time,correct,not_applicable,none,0,0
NYK100554,metro,haircare,on_time,correct,not_applicable,call,0,0
NYK100555,metro,haircare,delayed,correct,denied,call,0,1
NYK100556,metro,skincare,on_time,correct,not_applicable,call,0,0
NYK100557,tier2,skincare,on_time,correct,not_applicable,email,0,0
NYK100558,tier2,haircare,delayed,correct,refunded,none,0,1
NYK100559,tier2,skincare,delayed,damaged,refunded,call,0,1
NYK100560,metro,wellness,on_time,correct,not_applicable,none,0,0
NYK100561,metro,makeup,on_time,wrong_item,replaced,call,0,0
NYK100562,tier3,skincare,delayed,correct,replaced,call,0,1
NYK100563,tier2,skincare,on_time,wrong_item,denied,app,1,0
NYK100564,tier2,wellness,on_time,correct,not_applicable,app,0,0
NYK100565,tier2,skincare,on_time,correct,not_applicable,social,0,0
NYK100566,tier3,haircare,on_time,correct,not_applicable,app,0,0
NYK100567,metro,skincare,on_time,correct,not_applicable,call,0,0
NYK100568,metro,skincare,on_time,correct,not_applicable,app,0,0
NYK100569,tier2,haircare,delayed,correct,unresolved,email,0,1
NYK100570,metro,skincare,on_time,correct,not_applicable,none,0,0
NYK100571,tier3,skincare,on_time,wrong_item,denied,social,1,0
NYK100572,tier2,makeup,on_time,correct,not_applicable,call,0,0
NYK100573,tier3,haircare,on_time,correct,not_applicable,call,0,0
NYK100574,tier3,skincare,delayed,correct,replaced,app,0,1
NYK100575,tier2,skincare,on_time,correct,not_applicable,none,0,0
NYK100576,tier3,wellness,delayed,damaged,replaced,app,0,1
NYK100577,tier2,haircare,on_time,correct,not_applicable,none,0,0
NYK100578,tier3,haircare,on_time,correct,not_applicable,social,0,0
NYK100579,metro,haircare,on_time,correct,not_applicable,email,0,0
NYK100580,tier2,haircare,on_time,correct,not_applicable,social,0,0
NYK100581,tier2,makeup,on_time,correct,not_applicable,call,0,0
NYK100582,metro,skincare,on_time,correct,not_applicable,app,0,0
NYK100583,metro,haircare,on_time,correct,not_applicable,call,0,0
NYK100584,tier3,haircare,on_time,correct,not_applicable,app,0,0
NYK100585,tier2,wellness,on_time,correct,not_applicable,email,0,0
NYK100586,metro,makeup,on_time,correct,not_applicable,call,0,0
NYK100587,metro,skincare,not_delivered,correct,unresolved,none,0,1
NYK100588,metro,makeup,on_time,correct,not_applicable,none,0,0
NYK100589,metro,makeup,on_time,correct,not_applicable,app,0,0
NYK100590,tier3,makeup,on_time,correct,not_applicable,app,0,0
NYK100591,tier2,haircare,delayed,correct,denied,call,0,1
NYK100592,metro,makeup,on_time,correct,not_applicable,app,0,0
NYK100593,tier2,skincare,on_time,correct,not_applicable,email,0,0
NYK100594,metro,makeup,on_time,correct,not_applicable,email,0,0
NYK100595,metro,makeup,on_time,correct,not_applicable,email,0,0
NYK100596,tier2,wellness,on_time,correct,not_applicable,call,0,0
NYK100597,tier2,makeup,on_time,correct,not_applicable,social,0,0
NYK100598,tier3,makeup,on_time,correct,not_applicable,email,0,0
NYK100599,tier2,makeup,delayed,correct,denied,none,0,1
NYK100600,tier2,makeup,on_time,correct,not_applicable,social,0,0
NYK100601,tier3,skincare,delayed,correct,refunded,email,0,1
NYK100602,tier3,haircare,delayed,correct,denied,app,0,1
NYK100603,tier2,wellness,delayed,correct,refunded,social,0,1
NYK100604,tier3,makeup,on_time,correct,not_applicable,call,0,0
NYK100605,tier3,makeup,on_time,correct,not_applicable,call,0,0
NYK100606,tier3,skincare,on_time,correct,not_applicable,call,0,0
NYK100607,metro,makeup,delayed,correct,denied,call,0,1
NYK100608,tier2,makeup,delayed,correct,unresolved,app,0,1
NYK100609,tier2,haircare,on_time,correct,not_applicable,app,0,0
NYK100610,tier2,skincare,on_time,correct,not_applicable,social,0,0
NYK100611,tier2,haircare,on_time,correct,not_applicable,email,0,0
NYK100612,tier3,skincare,delayed,correct,unresolved,none,0,1
NYK100613,tier3,haircare,on_time,correct,not_applicable,social,0,0
NYK100614,metro,makeup,on_time,correct,not_applicable,call,0,0
NYK100615,tier2,skincare,on_time,correct,not_applicable,social,0,0
NYK100616,tier2,makeup,on_time,damaged,refunded,email,0,0
NYK100617,metro,haircare,on_time,correct,not_applicable,app,0,0
NYK100618,metro,makeup,delayed,correct,denied,none,0,1
NYK100619,metro,skincare,on_time,correct,not_applicable,none,0,0
NYK100620,tier3,makeup,on_time,wrong_item,refunded,app,0,0
NYK100621,tier2,skincare,on_time,correct,not_applicable,social,0,0
NYK100622,tier3,makeup,delayed,correct,replaced,app,0,1
NYK100623,tier2,makeup,on_time,correct,not_applicable,none,0,0
NYK100624,tier3,skincare,on_time,correct,not_applicable,email,0,0
NYK100625,tier2,makeup,on_time,correct,not_applicable,app,0,0
NYK100626,tier3,haircare,on_time,correct,not_applicable,social,0,0
NYK100627,metro,haircare,on_time,correct,not_applicable,call,0,0
NYK100628,tier2,skincare,delayed,correct,denied,app,0,1
NYK100629,tier3,skincare,on_time,correct,not_applicable,social,0,0
NYK100630,tier3,makeup,on_time,correct,not_applicable,social,0,0
NYK100631,tier3,skincare,on_time,correct,not_applicable,call,0,0
NYK100632,metro,makeup,not_delivered,correct,replaced,email,0,1
NYK100633,metro,skincare,on_time,wrong_item,refunded,app,0,0
NYK100634,metro,skincare,on_time,correct,not_applicable,call,0,0
NYK100635,metro,haircare,on_time,wrong_item,denied,email,1,0
NYK100636,tier2,skincare,delayed,correct,denied,app,0,1
NYK100637,tier2,haircare,delayed,correct,replaced,call,0,1
NYK100638,tier3,skincare,on_time,correct,not_applicable,none,0,0
NYK100639,tier3,makeup,on_time,correct,not_applicable,social,0,0
NYK100640,tier2,makeup,on_time,correct,not_applicable,email,0,0
NYK100641,tier3,haircare,delayed,correct,replaced,email,0,1
NYK100642,metro,haircare,on_time,correct,not_applicable,none,0,0
NYK100643,metro,makeup,not_delivered,correct,denied,none,0,1
NYK100644,tier2,makeup,on_time,correct,not_applicable,app,0,0
NYK100645,tier3,skincare,on_time,correct,not_applicable,call,0,0
NYK100646,metro,makeup,on_time,correct,not_applicable,app,0,0
NYK100647,tier2,skincare,delayed,correct,replaced,app,0,1
NYK100648,tier2,makeup,on_time,correct,not_applicable,app,0,0
NYK100649,metro,skincare,on_time,correct,not_applicable,email,0,0
NYK100650,tier2,haircare,on_time,correct,not_applicable,social,0,0
NYK100651,tier3,makeup,on_time,correct,not_applicable,none,0,0
NYK100652,tier2,makeup,delayed,correct,refunded,call,0,1
NYK100653,metro,makeup,on_time,correct,not_applicable,call,0,0
NYK100654,tier3,skincare,on_time,correct,not_applicable,app,0,0
NYK100655,metro,skincare,on_time,correct,not_applicable,app,0,0
NYK100656,tier3,wellness,on_time,correct,not_applicable,app,0,0
NYK100657,metro,haircare,on_time,correct,not_applicable,none,0,0
NYK100658,tier2,skincare,on_time,correct,not_applicable,app,0,0
NYK100659,metro,haircare,on_time,correct,not_applicable,social,0,0
NYK100660,metro,makeup,on_time,damaged,replaced,call,0,0
NYK100661,tier3,skincare,delayed,correct,denied,call,0,1
NYK100662,metro,makeup,not_delivered,wrong_item,refunded,none,0,1
NYK100663,metro,skincare,on_time,correct,not_applicable,none,0,0
NYK100664,metro,skincare,on_time,correct,not_applicable,app,0,0
NYK100665,tier2,haircare,on_time,correct,not_applicable,none,0,0
NYK100666,tier3,skincare,on_time,correct,not_applicable,app,0,0
NYK100667,tier3,haircare,on_time,damaged,refunded,social,0,0
NYK100668,metro,haircare,on_time,correct,not_applicable,app,0,0
NYK100669,tier2,haircare,on_time,correct,not_applicable,call,0,0
NYK100670,metro,makeup,on_time,correct,not_applicable,email,0,0
NYK100671,tier2,haircare,delayed,correct,unresolved,social,0,1
NYK100672,tier3,makeup,on_time,correct,not_applicable,social,0,0
NYK100673,tier2,makeup,on_time,correct,not_applicable,app,0,0
NYK100674,tier2,makeup,delayed,correct,unresolved,none,0,1
NYK100675,metro,wellness,on_time,correct,not_applicable,call,0,0
NYK100676,tier3,skincare,on_time,correct,not_applicable,app,0,0
NYK100677,tier2,makeup,on_time,correct,not_applicable,app,0,0
NYK100678,metro,haircare,on_time,correct,not_applicable,app,0,0
NYK100679,metro,makeup,on_time,correct,not_applicable,app,0,0
NYK100680,metro,haircare,on_time,correct,not_applicable,email,0,0
NYK100681,metro,makeup,on_time,correct,not_applicable,app,0,0
NYK100682,metro,skincare,on_time,correct,not_applicable,email,0,0
NYK100683,tier2,makeup,delayed,correct,denied,app,0,1
NYK100684,tier2,makeup,on_time,correct,not_applicable,email,0,0
NYK100685,metro,skincare,on_time,correct,not_applicable,app,0,0
NYK100686,tier2,skincare,delayed,wrong_item,denied,call,1,1
NYK100687,tier3,skincare,delayed,correct,unresolved,email,0,1
NYK100688,tier3,haircare,on_time,correct,not_applicable,none,0,0
NYK100689,tier2,haircare,not_delivered,damaged,replaced,none,0,1
NYK100690,metro,makeup,delayed,correct,refunded,call,0,1
NYK100691,tier3,skincare,on_time,correct,not_applicable,none,0,0
NYK100692,metro,makeup,on_time,correct,not_applicable,email,0,0
NYK100693,metro,haircare,on_time,correct,not_applicable,none,0,0
NYK100694,tier3,haircare,delayed,wrong_item,denied,app,1,1
NYK100695,tier2,skincare,on_time,correct,not_applicable,app,0,0
NYK100696,tier2,skincare,on_time,damaged,unresolved,app,1,0
NYK100697,tier2,wellness,on_time,correct,not_applicable,social,0,0
NYK100698,tier2,haircare,delayed,correct,denied,app,0,1
NYK100699,metro,skincare,on_time,correct,not_applicable,app,0,0
NYK100700,metro,haircare,on_time,wrong_item,refunded,email,0,0
NYK100701,metro,skincare,on_time,wrong_item,unresolved,none,1,0
NYK100702,metro,skincare,on_time,correct,not_applicable,email,0,0
NYK100703,tier3,haircare,on_time,correct,not_applicable,email,0,0
NYK100704,metro,makeup,on_time,correct,not_applicable,app,0,0
NYK100705,tier2,makeup,on_time,correct,not_applicable,none,0,0
NYK100706,tier3,wellness,not_delivered,correct,denied,app,0,1
NYK100707,tier3,haircare,on_time,damaged,replaced,app,0,0
NYK100708,tier2,skincare,on_time,correct,not_applicable,call,0,0
NYK100709,tier2,makeup,on_time,correct,not_applicable,app,0,0
NYK100710,tier3,haircare,delayed,damaged,unresolved,email,1,1
NYK100711,tier2,makeup,on_time,correct,not_applicable,email,0,0
NYK100712,tier3,wellness,on_time,correct,not_applicable,app,0,0
NYK100713,tier3,haircare,on_time,correct,not_applicable,app,0,0
NYK100714,tier3,skincare,on_time,correct,not_applicable,app,0,0
NYK100715,metro,skincare,on_time,correct,not_applicable,app,0,0
NYK100716,tier2,haircare,on_time,correct,not_applicable,none,0,0
NYK100717,metro,wellness,on_time,correct,not_applicable,email,0,0
NYK100718,tier2,skincare,on_time,correct,not_applicable,app,0,0
NYK100719,tier3,skincare,on_time,correct,not_applicable,app,0,0
NYK100720,tier2,haircare,on_time,correct,not_applicable,social,0,0
NYK100721,tier2,skincare,on_time,correct,not_applicable,social,0,0
NYK100722,metro,skincare,on_time,correct,not_applicable,none,0,0
NYK100723,tier3,haircare,on_time,correct,not_applicable,app,0,0
NYK100724,metro,haircare,not_delivered,wrong_item,denied,call,1,1
NYK100725,metro,haircare,not_delivered,correct,denied,app,0,1
NYK100726,metro,haircare,on_time,correct,not_applicable,social,0,0
NYK100727,metro,skincare,on_time,correct,not_applicable,call,0,0
NYK100728,tier2,wellness,on_time,wrong_item,unresolved,email,1,0
NYK100729,tier2,skincare,delayed,damaged,refunded,app,0,1
NYK100730,metro,skincare,on_time,correct,not_applicable,social,0,0
NYK100731,metro,haircare,on_time,correct,not_applicable,app,0,0
NYK100732,metro,haircare,on_time,correct,not_applicable,social,0,0
NYK100733,metro,haircare,not_delivered,correct,denied,app,0,1
NYK100734,metro,skincare,on_time,correct,not_applicable,social,0,0
NYK100735,tier2,wellness,on_time,correct,not_applicable,app,0,0
NYK100736,metro,makeup,on_time,correct,not_applicable,email,0,0
NYK100737,metro,haircare,on_time,damaged,replaced,social,0,0
NYK100738,metro,wellness,on_time,correct,not_applicable,call,0,0
NYK100739,tier2,makeup,on_time,correct,not_applicable,app,0,0
NYK100740,metro,haircare,delayed,correct,unresolved,call,0,1
NYK100741,metro,makeup,on_time,correct,not_applicable,app,0,0
NYK100742,tier3,haircare,on_time,correct,not_applicable,email,0,0
NYK100743,metro,haircare,on_time,correct,not_applicable,app,0,0
NYK100744,tier2,haircare,on_time,correct,not_applicable,app,0,0
NYK100745,tier2,skincare,on_time,correct,not_applicable,app,0,0
NYK100746,metro,skincare,on_time,correct,not_applicable,app,0,0
NYK100747,tier2,wellness,delayed,correct,unresolved,app,0,1
NYK100748,tier3,wellness,on_time,correct,not_applicable,email,0,0
NYK100749,tier3,wellness,on_time,correct,not_applicable,app,0,0
NYK100750,metro,skincare,on_time,correct,not_applicable,none,0,0
NYK100751,metro,makeup,on_time,correct,not_applicable,social,0,0
NYK100752,metro,haircare,on_time,correct,not_applicable,call,0,0
NYK100753,tier2,haircare,on_time,correct,not_applicable,none,0,0
NYK100754,tier2,skincare,on_time,correct,not_applicable,email,0,0
NYK100755,metro,makeup,on_time,correct,not_applicable,email,0,0
NYK100756,metro,skincare,on_time,correct,not_applicable,call,0,0
NYK100757,tier3,makeup,on_time,correct,not_applicable,email,0,0
NYK100758,metro,skincare,delayed,correct,denied,app,0,1
NYK100759,tier2,skincare,delayed,correct,denied,call,0,1
NYK100760,tier2,skincare,on_time,correct,not_applicable,app,0,0
NYK100761,metro,wellness,on_time,damaged,denied,call,1,0
NYK100762,metro,haircare,on_time,correct,not_applicable,email,0,0
NYK100763,metro,wellness,on_time,correct,not_applicable,app,0,0
NYK100764,tier3,makeup,on_time,correct,not_applicable,app,0,0
NYK100765,metro,makeup,on_time,correct,not_applicable,social,0,0
NYK100766,metro,makeup,on_time,correct,not_applicable,app,0,0
NYK100767,metro,makeup,on_time,correct,not_applicable,app,0,0
NYK100768,metro,makeup,on_time,correct,not_applicable,call,0,0
NYK100769,tier2,haircare,delayed,correct,refunded,none,0,1
NYK100770,metro,haircare,on_time,damaged,replaced,email,0,0
NYK100771,tier2,haircare,on_time,correct,not_applicable,email,0,0
NYK100772,tier2,skincare,on_time,correct,not_applicable,social,0,0
NYK100773,tier3,makeup,on_time,correct,not_applicable,email,0,0
NYK100774,metro,skincare,on_time,correct,not_applicable,social,0,0
NYK100775,tier3,skincare,on_time,correct,not_applicable,email,0,0
NYK100776,tier2,haircare,delayed,correct,refunded,none,0,1
NYK100777,metro,makeup,on_time,damaged,denied,email,1,0
NYK100778,tier3,haircare,delayed,correct,denied,app,0,1
NYK100779,tier3,skincare,on_time,correct,not_applicable,app,0,0
NYK100780,metro,wellness,on_time,correct,not_applicable,app,0,0
NYK100781,tier3,wellness,on_time,correct,not_applicable,call,0,0
NYK100782,tier2,makeup,on_time,correct,not_applicable,none,0,0
NYK100783,tier2,haircare,on_time,correct,not_applicable,social,0,0
NYK100784,tier3,skincare,not_delivered,correct,denied,social,0,1
NYK100785,metro,haircare,on_time,correct,not_applicable,email,0,0
NYK100786,tier3,haircare,delayed,damaged,refunded,none,0,1
NYK100787,metro,haircare,on_time,correct,not_applicable,email,0,0
NYK100788,tier3,haircare,on_time,correct,not_applicable,app,0,0
NYK100789,tier2,makeup,on_time,correct,not_applicable,call,0,0
NYK100790,metro,haircare,delayed,correct,denied,call,0,1
NYK100791,tier2,haircare,delayed,wrong_item,replaced,app,0,1
NYK100792,metro,skincare,on_time,wrong_item,unresolved,app,1,0
NYK100793,metro,skincare,delayed,correct,unresolved,app,0,1
NYK100794,metro,haircare,on_time,correct,not_applicable,app,0,0
NYK100795,metro,makeup,on_time,correct,not_applicable,app,0,0
NYK100796,metro,makeup,on_time,correct,not_applicable,none,0,0
NYK100797,metro,wellness,on_time,correct,not_applicable,call,0,0
NYK100798,tier2,haircare,delayed,correct,replaced,social,0,1
NYK100799,tier2,makeup,delayed,wrong_item,denied,app,1,1
NYK100800,tier2,makeup,on_time,correct,not_applicable,none,0,0
NYK100801,metro,makeup,on_time,correct,not_applicable,social,0,0
NYK100802,tier3,haircare,on_time,correct,not_applicable,none,0,0
NYK100803,tier2,makeup,on_time,damaged,refunded,call,0,0
NYK100804,metro,makeup,on_time,correct,not_applicable,email,0,0
NYK100805,metro,haircare,on_time,correct,not_applicable,call,0,0
NYK100806,tier2,haircare,on_time,correct,not_applicable,call,0,0
NYK100807,metro,haircare,on_time,correct,not_applicable,social,0,0
NYK100808,tier2,skincare,on_time,correct,not_applicable,app,0,0
NYK100809,tier3,haircare,delayed,correct,refunded,app,0,1
NYK100810,metro,makeup,on_time,correct,not_applicable,none,0,0
NYK100811,metro,skincare,on_time,correct,not_applicable,app,0,0
NYK100812,tier3,haircare,on_time,correct,not_applicable,email,0,0
NYK100813,tier2,haircare,on_time,damaged,denied,app,1,0
NYK100814,metro,makeup,on_time,correct,not_applicable,call,0,0
NYK100815,tier3,haircare,on_time,correct,not_applicable,app,0,0
NYK100816,tier3,skincare,delayed,correct,denied,call,0,1
NYK100817,tier2,skincare,on_time,correct,not_applicable,social,0,0
NYK100818,tier2,makeup,on_time,correct,not_applicable,none,0,0
NYK100819,metro,makeup,on_time,correct,not_applicable,app,0,0
NYK100820,metro,haircare,delayed,correct,refunded,call,0,1
NYK100821,tier2,haircare,on_time,correct,not_applicable,social,0,0
NYK100822,metro,haircare,on_time,correct,not_applicable,app,0,0
NYK100823,tier2,skincare,on_time,correct,not_applicable,app,0,0
NYK100824,tier3,makeup,on_time,correct,not_applicable,call,0,0
NYK100825,metro,skincare,on_time,correct,not_applicable,social,0,0
NYK100826,tier2,haircare,on_time,correct,not_applicable,call,0,0
NYK100827,metro,skincare,on_time,correct,not_applicable,app,0,0
NYK100828,tier3,makeup,on_time,correct,not_applicable,none,0,0
NYK100829,metro,haircare,on_time,correct,not_applicable,none,0,0
NYK100830,tier2,haircare,on_time,correct,not_applicable,email,0,0
NYK100831,tier2,skincare,on_time,correct,not_applicable,email,0,0
NYK100832,metro,skincare,on_time,wrong_item,refunded,none,0,0
NYK100833,tier2,haircare,on_time,correct,not_applicable,email,0,0
NYK100834,tier2,makeup,on_time,correct,not_applicable,social,0,0
NYK100835,tier2,skincare,on_time,correct,not_applicable,call,0,0
NYK100836,tier3,haircare,on_time,correct,not_applicable,app,0,0
NYK100837,tier3,makeup,delayed,correct,replaced,social,0,1
NYK100838,tier2,makeup,on_time,wrong_item,refunded,email,0,0
NYK100839,tier2,skincare,on_time,correct,not_applicable,app,0,0
NYK100840,metro,makeup,on_time,correct,not_applicable,email,0,0
NYK100841,tier3,skincare,on_time,correct,not_applicable,social,0,0
NYK100842,tier2,skincare,on_time,correct,not_applicable,app,0,0
NYK100843,tier2,makeup,delayed,correct,replaced,social,0,1
NYK100844,metro,makeup,on_time,wrong_item,replaced,app,0,0
NYK100845,tier3,haircare,delayed,correct,unresolved,email,0,1
NYK100846,metro,wellness,on_time,correct,not_applicable,none,0,0
NYK100847,tier2,skincare,on_time,correct,not_applicable,none,0,0
NYK100848,metro,skincare,on_time,damaged,refunded,none,0,0
NYK100849,tier3,haircare,on_time,wrong_item,refunded,email,0,0
NYK100850,metro,wellness,on_time,correct,not_applicable,call,0,0
NYK100851,metro,haircare,on_time,correct,not_applicable,email,0,0
NYK100852,tier3,skincare,on_time,correct,not_applicable,call,0,0
NYK100853,tier3,skincare,delayed,correct,refunded,email,0,1
NYK100854,metro,skincare,delayed,damaged,refunded,call,0,1
NYK100855,tier2,haircare,on_time,wrong_item,denied,call,1,0
NYK100856,tier2,makeup,on_time,correct,not_applicable,call,0,0
NYK100857,tier3,makeup,on_time,correct,not_applicable,call,0,0
NYK100858,metro,makeup,on_time,correct,not_applicable,call,0,0
NYK100859,tier2,skincare,on_time,damaged,replaced,app,0,0
NYK100860,tier2,makeup,on_time,correct,not_applicable,call,0,0
NYK100861,tier2,skincare,on_time,wrong_item,refunded,app,0,0
NYK100862,tier3,makeup,on_time,correct,not_applicable,none,0,0
NYK100863,tier2,haircare,on_time,damaged,unresolved,app,1,0
NYK100864,metro,haircare,on_time,correct,not_applicable,social,0,0
NYK100865,tier3,skincare,on_time,correct,not_applicable,app,0,0
NYK100866,tier3,haircare,on_time,correct,not_applicable,none,0,0
NYK100867,tier3,haircare,on_time,correct,not_applicable,email,0,0
NYK100868,metro,skincare,on_time,correct,not_applicable,none,0,0
NYK100869,metro,skincare,not_delivered,wrong_item,denied,none,1,1
NYK100870,tier2,makeup,on_time,correct,not_applicable,email,0,0
NYK100871,metro,skincare,on_time,wrong_item,refunded,app,0,0
NYK100872,tier3,skincare,delayed,correct,refunded,call,0,1
NYK100873,metro,skincare,on_time,correct,not_applicable,call,0,0
NYK100874,tier2,skincare,not_delivered,damaged,denied,none,1,1
NYK100875,tier3,makeup,on_time,correct,not_applicable,none,0,0
NYK100876,metro,makeup,on_time,wrong_item,denied,call,1,0
NYK100877,metro,skincare,on_time,damaged,unresolved,email,1,0
NYK100878,tier2,haircare,on_time,correct,not_applicable,call,0,0
NYK100879,tier2,skincare,on_time,correct,not_applicable,email,0,0
NYK100880,tier2,skincare,on_time,correct,not_applicable,email,0,0
NYK100881,tier2,skincare,delayed,correct,refunded,call,0,1
NYK100882,tier3,haircare,delayed,correct,denied,none,0,1
NYK100883,tier2,wellness,delayed,correct,refunded,app,0,1
NYK100884,metro,makeup,delayed,correct,refunded,social,0,1
NYK100885,metro,skincare,on_time,correct,not_applicable,email,0,0
NYK100886,metro,skincare,on_time,wrong_item,denied,app,1,0
NYK100887,metro,skincare,on_time,correct,not_applicable,call,0,0
NYK100888,metro,haircare,on_time,damaged,denied,app,1,0
NYK100889,tier2,skincare,on_time,correct,not_applicable,email,0,0
NYK100890,metro,wellness,on_time,correct,not_applicable,none,0,0
NYK100891,tier3,makeup,on_time,correct,not_applicable,app,0,0
NYK100892,metro,makeup,delayed,correct,refunded,app,0,1
NYK100893,metro,haircare,on_time,correct,not_applicable,call,0,0
NYK100894,tier3,skincare,on_time,correct,not_applicable,app,0,0
NYK100895,tier3,haircare,delayed,correct,refunded,app,0,1
NYK100896,metro,skincare,on_time,correct,not_applicable,email,0,0
NYK100897,metro,haircare,on_time,correct,not_applicable,call,0,0
NYK100898,metro,makeup,on_time,correct,not_applicable,social,0,0
NYK100899,tier2,skincare,on_time,correct,not_applicable,call,0,0
NYK100900,tier2,haircare,on_time,correct,not_applicable,email,0,0
NYK100901,metro,skincare,on_time,correct,not_applicable,call,0,0
NYK100902,metro,skincare,on_time,correct,not_applicable,app,0,0
NYK100903,tier2,haircare,on_time,wrong_item,denied,call,1,0
NYK100904,tier3,makeup,on_time,correct,not_applicable,email,0,0
NYK100905,tier2,haircare,on_time,correct,not_applicable,none,0,0
NYK100906,tier2,makeup,on_time,correct,not_applicable,app,0,0
NYK100907,metro,makeup,on_time,correct,not_applicable,call,0,0
NYK100908,metro,skincare,on_time,correct,not_applicable,email,0,0
NYK100909,metro,skincare,delayed,correct,refunded,app,0,1
NYK100910,tier3,wellness,delayed,wrong_item,refunded,social,0,1
NYK100911,tier3,skincare,on_time,correct,not_applicable,app,0,0
NYK100912,tier3,makeup,on_time,correct,not_applicable,none,0,0
NYK100913,tier3,skincare,on_time,correct,not_applicable,email,0,0
NYK100914,tier3,skincare,delayed,wrong_item,refunded,app,0,1
NYK100915,tier3,makeup,delayed,correct,refunded,email,0,1
NYK100916,metro,haircare,on_time,correct,not_applicable,app,0,0
NYK100917,metro,haircare,on_time,correct,not_applicable,email,0,0
NYK100918,metro,haircare,on_time,correct,not_applicable,social,0,0
NYK100919,tier2,skincare,on_time,wrong_item,denied,email,1,0
NYK100920,metro,makeup,on_time,correct,not_applicable,app,0,0
NYK100921,tier3,skincare,on_time,correct,not_applicable,call,0,0
NYK100922,tier2,haircare,on_time,correct,not_applicable,call,0,0
NYK100923,tier2,skincare,on_time,correct,not_applicable,email,0,0
NYK100924,metro,makeup,on_time,correct,not_applicable,email,0,0
NYK100925,metro,skincare,on_time,correct,not_applicable,call,0,0
NYK100926,metro,haircare,on_time,correct,not_applicable,social,0,0
NYK100927,tier3,haircare,delayed,correct,refunded,social,0,1
NYK100928,tier2,haircare,delayed,correct,replaced,email,0,1
NYK100929,tier2,skincare,on_time,correct,not_applicable,app,0,0
NYK100930,metro,wellness,on_time,correct,not_applicable,call,0,0
NYK100931,metro,skincare,on_time,correct,not_applicable,call,0,0
NYK100932,tier2,skincare,on_time,correct,not_applicable,social,0,0
NYK100933,tier3,skincare,on_time,damaged,denied,social,1,0
NYK100934,tier3,skincare,on_time,correct,not_applicable,none,0,0
NYK100935,metro,makeup,on_time,correct,not_applicable,app,0,0
NYK100936,tier3,skincare,delayed,wrong_item,refunded,email,0,1
NYK100937,metro,makeup,on_time,correct,not_applicable,none,0,0
NYK100938,tier3,haircare,on_time,correct,not_applicable,app,0,0
NYK100939,metro,haircare,delayed,correct,denied,app,0,1
NYK100940,metro,haircare,on_time,correct,not_applicable,app,0,0
NYK100941,tier3,makeup,delayed,correct,refunded,email,0,1
NYK100942,metro,skincare,on_time,correct,not_applicable,call,0,0
NYK100943,tier2,haircare,on_time,correct,not_applicable,app,0,0
NYK100944,tier2,skincare,delayed,correct,denied,call,0,1
NYK100945,metro,skincare,delayed,correct,denied,social,0,1
NYK100946,tier2,skincare,delayed,correct,denied,none,0,1
NYK100947,tier3,haircare,delayed,correct,replaced,social,0,1
NYK100948,tier3,makeup,on_time,correct,not_applicable,none,0,0
NYK100949,metro,haircare,on_time,correct,not_applicable,email,0,0
NYK100950,tier2,skincare,on_time,correct,not_applicable,social,0,0
NYK100951,metro,makeup,delayed,correct,denied,call,0,1
NYK100952,metro,makeup,on_time,correct,not_applicable,none,0,0
NYK100953,metro,skincare,on_time,correct,not_applicable,none,0,0
NYK100954,tier3,makeup,delayed,correct,denied,email,0,1
NYK100955,tier3,makeup,not_delivered,wrong_item,replaced,call,0,1
NYK100956,tier3,makeup,delayed,correct,refunded,app,0,1
NYK100957,tier2,skincare,on_time,correct,not_applicable,call,0,0
NYK100958,tier2,haircare,on_time,correct,not_applicable,app,0,0
NYK100959,tier2,skincare,not_delivered,correct,refunded,app,0,1
NYK100960,tier2,skincare,on_time,correct,not_applicable,call,0,0
NYK100961,tier2,skincare,on_time,correct,not_applicable,app,0,0
NYK100962,metro,makeup,delayed,correct,refunded,none,0,1
NYK100963,metro,skincare,on_time,damaged,refunded,email,0,0
NYK100964,tier3,haircare,on_time,correct,not_applicable,social,0,0
NYK100965,tier2,skincare,on_time,correct,not_applicable,call,0,0
NYK100966,tier3,haircare,on_time,correct,not_applicable,app,0,0
NYK100967,metro,skincare,delayed,correct,unresolved,app,0,1
NYK100968,tier2,makeup,on_time,correct,not_applicable,none,0,0
NYK100969,metro,haircare,on_time,correct,not_applicable,app,0,0
NYK100970,metro,makeup,on_time,correct,not_applicable,email,0,0
NYK100971,metro,skincare,delayed,correct,unresolved,app,0,1
NYK100972,metro,makeup,delayed,correct,refunded,call,0,1
NYK100973,tier3,wellness,on_time,correct,not_applicable,app,0,0
NYK100974,metro,wellness,on_time,correct,not_applicable,call,0,0
NYK100975,tier2,skincare,on_time,correct,not_applicable,app,0,0
NYK100976,tier2,haircare,on_time,correct,not_applicable,none,0,0
NYK100977,tier2,skincare,on_time,correct,not_applicable,app,0,0
NYK100978,tier2,skincare,on_time,correct,not_applicable,app,0,0
NYK100979,metro,haircare,on_time,damaged,unresolved,app,1,0
NYK100980,tier3,makeup,on_time,correct,not_applicable,none,0,0
NYK100981,tier3,makeup,on_time,correct,not_applicable,email,0,0
NYK100982,tier2,haircare,on_time,correct,not_applicable,email,0,0
NYK100983,tier2,skincare,on_time,correct,not_applicable,call,0,0
NYK100984,metro,haircare,on_time,correct,not_applicable,none,0,0
NYK100985,tier3,makeup,on_time,correct,not_applicable,app,0,0
NYK100986,metro,skincare,on_time,correct,not_applicable,social,0,0
NYK100987,metro,makeup,not_delivered,correct,denied,social,0,1
NYK100988,metro,wellness,on_time,correct,not_applicable,app,0,0
NYK100989,tier3,makeup,delayed,correct,replaced,app,0,1
NYK100990,tier2,skincare,on_time,correct,not_applicable,call,0,0
NYK100991,tier3,haircare,delayed,damaged,unresolved,app,1,1
NYK100992,tier3,wellness,on_time,correct,not_applicable,app,0,0
NYK100993,metro,wellness,on_time,correct,not_applicable,call,0,0
NYK100994,tier3,makeup,delayed,correct,denied,app,0,1
NYK100995,tier2,makeup,delayed,correct,replaced,email,0,1
NYK100996,tier2,makeup,on_time,damaged,refunded,call,0,0
NYK100997,metro,haircare,on_time,correct,not_applicable,email,0,0
NYK100998,tier3,haircare,on_time,correct,not_applicable,call,0,0
NYK100999,metro,haircare,delayed,correct,refunded,call,0,1
NYK101000,metro,makeup,on_time,correct,not_applicable,call,0,0
NYK101001,tier2,skincare,on_time,correct,not_applicable,none,0,0
NYK101002,metro,makeup,delayed,correct,unresolved,call,0,1
NYK101003,metro,skincare,delayed,correct,refunded,email,0,1
NYK101004,tier2,skincare,on_time,correct,not_applicable,social,0,0
NYK101005,metro,makeup,on_time,damaged,refunded,email,0,0
NYK101006,tier3,haircare,delayed,correct,refunded,app,0,1
NYK101007,metro,haircare,on_time,correct,not_applicable,app,0,0
NYK101008,tier2,haircare,on_time,correct,not_applicable,email,0,0
NYK101009,tier2,haircare,delayed,correct,replaced,email,0,1
NYK101010,tier2,haircare,on_time,correct,not_applicable,social,0,0
NYK101011,tier2,haircare,delayed,correct,replaced,email,0,1
NYK101012,tier2,skincare,on_time,correct,not_applicable,app,0,0
NYK101013,tier3,makeup,on_time,correct,not_applicable,social,0,0
NYK101014,metro,skincare,not_delivered,correct,unresolved,email,0,1
NYK101015,metro,skincare,on_time,correct,not_applicable,none,0,0
NYK101016,tier2,skincare,on_time,correct,not_applicable,social,0,0
NYK101017,tier3,haircare,on_time,correct,not_applicable,call,0,0
NYK101018,metro,haircare,on_time,correct,not_applicable,email,0,0
NYK101019,tier2,wellness,on_time,damaged,replaced,email,0,0
NYK101020,tier3,wellness,on_time,correct,not_applicable,call,0,0
NYK101021,tier2,haircare,delayed,correct,unresolved,call,0,1
NYK101022,tier3,skincare,delayed,wrong_item,replaced,app,0,1
NYK101023,tier2,haircare,on_time,correct,not_applicable,app,0,0
NYK101024,tier2,haircare,on_time,damaged,replaced,email,0,0
NYK101025,metro,haircare,on_time,damaged,refunded,call,0,0
NYK101026,tier3,skincare,on_time,correct,not_applicable,social,0,0
NYK101027,metro,skincare,on_time,damaged,refunded,call,0,0
NYK101028,tier2,wellness,on_time,correct,not_applicable,social,0,0
NYK101029,tier2,skincare,delayed,correct,unresolved,email,0,1
NYK101030,tier2,makeup,on_time,wrong_item,denied,social,1,0
NYK101031,tier2,makeup,on_time,correct,not_applicable,call,0,0
NYK101032,tier2,skincare,not_delivered,correct,replaced,none,0,1
NYK101033,tier3,skincare,on_time,correct,not_applicable,call,0,0
NYK101034,tier2,wellness,delayed,correct,unresolved,social,0,1
NYK101035,tier2,haircare,delayed,correct,denied,call,0,1
NYK101036,metro,wellness,on_time,correct,not_applicable,app,0,0
NYK101037,tier2,skincare,on_time,correct,not_applicable,email,0,0
NYK101038,tier2,skincare,on_time,correct,not_applicable,call,0,0
NYK101039,metro,makeup,on_time,correct,not_applicable,app,0,0
NYK101040,metro,makeup,delayed,damaged,refunded,call,0,1
NYK101041,tier2,skincare,on_time,correct,not_applicable,app,0,0
NYK101042,tier2,haircare,on_time,correct,not_applicable,none,0,0
NYK101043,tier2,wellness,on_time,correct,not_applicable,email,0,0
NYK101044,metro,makeup,on_time,correct,not_applicable,app,0,0
NYK101045,metro,makeup,on_time,correct,not_applicable,social,0,0
NYK101046,metro,makeup,delayed,correct,denied,email,0,1
NYK101047,tier3,skincare,on_time,correct,not_applicable,email,0,0
NYK101048,tier3,skincare,on_time,wrong_item,denied,email,1,0
NYK101049,metro,makeup,on_time,correct,not_applicable,app,0,0
NYK101050,tier2,makeup,on_time,correct,not_applicable,app,0,0
NYK101051,metro,makeup,on_time,correct,not_applicable,social,0,0
NYK101052,metro,haircare,delayed,damaged,denied,social,1,1
NYK101053,metro,skincare,on_time,correct,not_applicable,social,0,0
NYK101054,metro,skincare,on_time,correct,not_applicable,app,0,0
NYK101055,tier2,skincare,on_time,damaged,refunded,social,0,0
NYK101056,tier3,skincare,on_time,wrong_item,refunded,call,0,0
NYK101057,metro,makeup,on_time,correct,not_applicable,email,0,0
NYK101058,tier2,haircare,delayed,correct,replaced,app,0,1
NYK101059,tier2,haircare,on_time,correct,not_applicable,social,0,0
NYK101060,tier3,makeup,on_time,correct,not_applicable,none,0,0
NYK101061,tier2,makeup,on_time,correct,not_applicable,app,0,0
NYK101062,metro,skincare,on_time,correct,not_applicable,social,0,0
NYK101063,tier2,makeup,on_time,correct,not_applicable,email,0,0
NYK101064,metro,skincare,on_time,correct,not_applicable,app,0,0
NYK101065,tier3,haircare,on_time,wrong_item,refunded,app,0,0
NYK101066,metro,makeup,delayed,correct,refunded,email,0,1
NYK101067,tier2,skincare,on_time,correct,not_applicable,app,0,0
NYK101068,metro,skincare,on_time,correct,not_applicable,app,0,0
NYK101069,tier2,skincare,on_time,correct,not_applicable,none,0,0
NYK101070,tier3,wellness,delayed,correct,denied,email,0,1
NYK101071,tier2,skincare,on_time,correct,not_applicable,social,0,0
NYK101072,tier2,skincare,delayed,correct,replaced,email,0,1
NYK101073,tier3,skincare,on_time,correct,not_applicable,call,0,0
NYK101074,tier3,haircare,delayed,correct,refunded,social,0,1
NYK101075,metro,makeup,on_time,correct,not_applicable,app,0,0
NYK101076,tier2,makeup,on_time,correct,not_applicable,call,0,0
NYK101077,tier2,makeup,on_time,correct,not_applicable,email,0,0
NYK101078,tier2,skincare,on_time,correct,not_applicable,none,0,0
NYK101079,metro,haircare,on_time,correct,not_applicable,call,0,0
NYK101080,metro,skincare,on_time,correct,not_applicable,none,0,0
NYK101081,tier3,skincare,on_time,correct,not_applicable,social,0,0
NYK101082,tier3,makeup,on_time,correct,not_applicable,call,0,0
NYK101083,tier3,skincare,delayed,correct,replaced,call,0,1
NYK101084,tier3,skincare,on_time,correct,not_applicable,app,0,0
NYK101085,tier2,haircare,not_delivered,correct,refunded,email,0,1
NYK101086,tier3,makeup,delayed,correct,replaced,app,0,1
NYK101087,tier3,skincare,on_time,correct,not_applicable,call,0,0
NYK101088,tier2,skincare,delayed,correct,denied,app,0,1
NYK101089,tier2,haircare,on_time,correct,not_applicable,none,0,0
NYK101090,metro,skincare,on_time,correct,not_applicable,call,0,0
NYK101091,tier2,skincare,on_time,damaged,unresolved,call,1,0
NYK101092,metro,makeup,on_time,correct,not_applicable,call,0,0
NYK101093,metro,makeup,on_time,correct,not_applicable,app,0,0
NYK101094,tier2,wellness,on_time,wrong_item,refunded,call,0,0
NYK101095,tier2,makeup,delayed,correct,unresolved,social,0,1
NYK101096,metro,skincare,on_time,correct,not_applicable,email,0,0
NYK101097,tier3,makeup,on_time,correct,not_applicable,call,0,0
NYK101098,tier3,makeup,on_time,correct,not_applicable,social,0,0
NYK101099,metro,skincare,on_time,damaged,unresolved,app,1,0
NYK101100,metro,makeup,on_time,correct,not_applicable,social,0,0
NYK101101,metro,skincare,on_time,correct,not_applicable,app,0,0
NYK101102,tier3,haircare,on_time,correct,not_applicable,none,0,0
NYK101103,tier3,haircare,on_time,correct,not_applicable,none,0,0
NYK101104,metro,makeup,on_time,correct,not_applicable,social,0,0
NYK101105,tier3,wellness,on_time,correct,not_applicable,app,0,0
NYK101106,metro,wellness,on_time,correct,not_applicable,call,0,0
NYK101107,metro,skincare,on_time,correct,not_applicable,social,0,0
NYK101108,tier3,makeup,on_time,correct,not_applicable,call,0,0
NYK101109,metro,makeup,on_time,wrong_item,denied,call,1,0
NYK101110,metro,skincare,on_time,correct,not_applicable,call,0,0
NYK101111,tier2,makeup,on_time,correct,not_applicable,app,0,0
NYK101112,tier2,skincare,on_time,correct,not_applicable,call,0,0
NYK101113,tier3,wellness,on_time,wrong_item,unresolved,app,1,0
NYK101114,tier3,makeup,on_time,correct,not_applicable,email,0,0
NYK101115,metro,haircare,on_time,correct,not_applicable,call,0,0
NYK101116,metro,makeup,on_time,correct,not_applicable,app,0,0
NYK101117,tier3,skincare,on_time,damaged,refunded,app,0,0
NYK101118,metro,haircare,on_time,wrong_item,refunded,none,0,0
NYK101119,tier3,skincare,on_time,correct,not_applicable,email,0,0
NYK101120,tier2,skincare,delayed,correct,denied,email,0,1
NYK101121,metro,makeup,on_time,damaged,replaced,social,0,0
NYK101122,tier3,haircare,on_time,correct,not_applicable,email,0,0
NYK101123,metro,skincare,on_time,correct,not_applicable,call,0,0
NYK101124,tier2,skincare,delayed,correct,refunded,email,0,1
NYK101125,tier2,skincare,on_time,correct,not_applicable,app,0,0
NYK101126,tier2,skincare,on_time,wrong_item,refunded,email,0,0
NYK101127,tier2,skincare,on_time,correct,not_applicable,app,0,0
NYK101128,tier2,makeup,on_time,correct,not_applicable,none,0,0
NYK101129,tier3,skincare,delayed,correct,refunded,call,0,1
NYK101130,tier3,skincare,on_time,correct,not_applicable,app,0,0
NYK101131,tier2,makeup,on_time,correct,not_applicable,email,0,0
NYK101132,metro,haircare,on_time,correct,not_applicable,app,0,0
NYK101133,tier2,skincare,not_delivered,correct,refunded,call,0,1
NYK101134,tier3,skincare,delayed,correct,refunded,none,0,1
NYK101135,metro,skincare,delayed,correct,unresolved,social,0,1
NYK101136,tier2,wellness,delayed,correct,refunded,email,0,1
NYK101137,tier2,skincare,delayed,correct,denied,call,0,1
NYK101138,metro,skincare,on_time,correct,not_applicable,call,0,0
NYK101139,tier2,makeup,on_time,wrong_item,refunded,app,0,0
NYK101140,metro,skincare,on_time,correct,not_applicable,email,0,0
NYK101141,tier3,skincare,on_time,correct,not_applicable,email,0,0
NYK101142,tier3,skincare,delayed,correct,refunded,app,0,1
NYK101143,tier3,makeup,on_time,damaged,unresolved,app,1,0
NYK101144,tier2,makeup,on_time,correct,not_applicable,app,0,0
NYK101145,metro,haircare,on_time,correct,not_applicable,app,0,0
NYK101146,tier2,haircare,on_time,correct,not_applicable,app,0,0
NYK101147,tier3,skincare,on_time,correct,not_applicable,call,0,0
NYK101148,tier2,wellness,on_time,correct,not_applicable,call,0,0
NYK101149,tier3,haircare,on_time,correct,not_applicable,call,0,0
NYK101150,metro,haircare,on_time,correct,not_applicable,app,0,0
NYK101151,tier3,haircare,on_time,correct,not_applicable,call,0,0
NYK101152,metro,makeup,on_time,correct,not_applicable,social,0,0
NYK101153,metro,skincare,on_time,correct,not_applicable,app,0,0
NYK101154,tier2,makeup,on_time,correct,not_applicable,call,0,0
NYK101155,metro,skincare,on_time,correct,not_applicable,call,0,0
NYK101156,metro,makeup,delayed,correct,refunded,app,0,1
NYK101157,metro,skincare,delayed,wrong_item,refunded,call,0,1
NYK101158,tier2,skincare,on_time,wrong_item,denied,call,1,0
NYK101159,tier3,wellness,on_time,damaged,refunded,call,0,0
NYK101160,metro,haircare,on_time,correct,not_applicable,social,0,0
NYK101161,tier2,makeup,on_time,correct,not_applicable,social,0,0
NYK101162,tier3,skincare,on_time,correct,not_applicable,call,0,0
NYK101163,metro,makeup,delayed,correct,refunded,call,0,1
NYK101164,metro,haircare,on_time,correct,not_applicable,none,0,0
NYK101165,tier3,haircare,on_time,correct,not_applicable,call,0,0
NYK101166,tier3,makeup,on_time,correct,not_applicable,none,0,0
NYK101167,tier2,makeup,delayed,correct,unresolved,social,0,1
NYK101168,tier3,skincare,delayed,correct,replaced,app,0,1
NYK101169,metro,haircare,on_time,wrong_item,denied,app,1,0
NYK101170,metro,wellness,on_time,correct,not_applicable,app,0,0
NYK101171,tier2,makeup,on_time,correct,not_applicable,social,0,0
NYK101172,metro,makeup,on_time,correct,not_applicable,call,0,0
NYK101173,tier3,makeup,delayed,correct,refunded,email,0,1
NYK101174,tier2,makeup,on_time,wrong_item,refunded,call,0,0
NYK101175,tier3,wellness,on_time,correct,not_applicable,social,0,0
NYK101176,tier2,haircare,on_time,correct,not_applicable,social,0,0
NYK101177,metro,makeup,on_time,correct,not_applicable,app,0,0
NYK101178,metro,makeup,delayed,correct,replaced,call,0,1
NYK101179,metro,makeup,on_time,wrong_item,denied,call,1,0
NYK101180,tier3,skincare,on_time,wrong_item,refunded,social,0,0
NYK101181,metro,makeup,on_time,correct,not_applicable,email,0,0
NYK101182,metro,haircare,on_time,correct,not_applicable,call,0,0
NYK101183,metro,haircare,on_time,correct,not_applicable,social,0,0
NYK101184,metro,skincare,on_time,correct,not_applicable,call,0,0
NYK101185,tier3,haircare,on_time,correct,not_applicable,app,0,0
NYK101186,metro,haircare,delayed,correct,unresolved,none,0,1
NYK101187,tier3,skincare,on_time,correct,not_applicable,call,0,0
NYK101188,metro,makeup,on_time,wrong_item,denied,social,1,0
NYK101189,tier2,makeup,on_time,correct,not_applicable,call,0,0
NYK101190,tier2,haircare,on_time,correct,not_applicable,email,0,0
NYK101191,metro,skincare,on_time,correct,not_applicable,call,0,0
NYK101192,tier3,skincare,on_time,damaged,replaced,call,0,0
NYK101193,tier3,makeup,on_time,correct,not_applicable,app,0,0
NYK101194,tier3,skincare,on_time,correct,not_applicable,email,0,0
NYK101195,metro,makeup,on_time,correct,not_applicable,app,0,0
NYK101196,metro,haircare,on_time,correct,not_applicable,call,0,0
NYK101197,tier2,skincare,on_time,correct,not_applicable,call,0,0
NYK101198,metro,makeup,on_time,correct,not_applicable,call,0,0
NYK101199,tier2,wellness,on_time,correct,not_applicable,email,0,0
NYK101200,tier2,makeup,on_time,correct,not_applicable,email,0,0
NYK101201,tier2,makeup,on_time,correct,not_applicable,email,0,0
NYK101202,tier3,makeup,on_time,correct,not_applicable,call,0,0
NYK101203,tier2,skincare,on_time,correct,not_applicable,call,0,0
NYK101204,metro,skincare,on_time,correct,not_applicable,app,0,0
NYK101205,metro,haircare,on_time,correct,not_applicable,call,0,0
NYK101206,tier2,makeup,on_time,wrong_item,replaced,none,0,0
NYK101207,tier2,skincare,on_time,correct,not_applicable,call,0,0
NYK101208,metro,skincare,on_time,correct,not_applicable,none,0,0
NYK101209,tier2,haircare,on_time,correct,not_applicable,app,0,0
NYK101210,tier3,skincare,on_time,correct,not_applicable,email,0,0
NYK101211,tier3,haircare,delayed,correct,denied,email,0,1
NYK101212,tier2,makeup,on_time,correct,not_applicable,email,0,0
NYK101213,metro,makeup,on_time,correct,not_applicable,email,0,0
NYK101214,metro,skincare,on_time,correct,not_applicable,app,0,0
NYK101215,tier2,skincare,on_time,correct,not_applicable,email,0,0
NYK101216,metro,makeup,delayed,correct,denied,call,0,1
NYK101217,tier2,haircare,on_time,correct,not_applicable,call,0,0
NYK101218,tier2,skincare,on_time,correct,not_applicable,app,0,0
NYK101219,metro,makeup,on_time,correct,not_applicable,app,0,0
NYK101220,metro,makeup,on_time,correct,not_applicable,none,0,0
NYK101221,metro,skincare,on_time,correct,not_applicable,call,0,0
NYK101222,tier3,makeup,on_time,correct,not_applicable,call,0,0
NYK101223,tier2,skincare,on_time,correct,not_applicable,app,0,0
NYK101224,metro,makeup,on_time,correct,not_applicable,email,0,0
NYK101225,tier3,skincare,on_time,correct,not_applicable,email,0,0
NYK101226,tier2,makeup,on_time,damaged,refunded,none,0,0
NYK101227,tier2,skincare,on_time,wrong_item,unresolved,email,1,0
NYK101228,tier3,makeup,on_time,correct,not_applicable,app,0,0
NYK101229,metro,makeup,on_time,wrong_item,replaced,app,0,0
NYK101230,metro,wellness,on_time,correct,not_applicable,app,0,0
NYK101231,tier2,makeup,not_delivered,correct,unresolved,email,0,1
NYK101232,metro,haircare,on_time,correct,not_applicable,none,0,0
NYK101233,tier2,skincare,delayed,correct,unresolved,app,0,1
NYK101234,metro,makeup,on_time,damaged,refunded,call,0,0
NYK101235,metro,skincare,on_time,correct,not_applicable,email,0,0
NYK101236,metro,makeup,on_time,correct,not_applicable,email,0,0
NYK101237,tier2,haircare,on_time,correct,not_applicable,email,0,0
NYK101238,metro,haircare,on_time,correct,not_applicable,call,0,0
NYK101239,metro,makeup,on_time,damaged,replaced,app,0,0
NYK101240,tier3,makeup,delayed,correct,replaced,call,0,1
NYK101241,metro,skincare,on_time,wrong_item,replaced,call,0,0
NYK101242,metro,skincare,on_time,correct,not_applicable,email,0,0
NYK101243,metro,haircare,on_time,correct,not_applicable,app,0,0
NYK101244,metro,skincare,on_time,correct,not_applicable,call,0,0
NYK101245,metro,skincare,on_time,correct,not_applicable,none,0,0
NYK101246,tier2,wellness,on_time,correct,not_applicable,call,0,0
NYK101247,metro,wellness,on_time,correct,not_applicable,app,0,0
NYK101248,tier3,makeup,on_time,correct,not_applicable,none,0,0
NYK101249,tier3,makeup,on_time,correct,not_applicable,app,0,0
NYK101250,metro,haircare,on_time,correct,not_applicable,social,0,0
NYK101251,metro,skincare,on_time,correct,not_applicable,app,0,0
NYK101252,metro,makeup,on_time,correct,not_applicable,none,0,0
NYK101253,tier2,makeup,on_time,correct,not_applicable,app,0,0
NYK101254,metro,wellness,on_time,correct,not_applicable,call,0,0
NYK101255,tier3,wellness,on_time,correct,not_applicable,none,0,0
NYK101256,tier3,haircare,on_time,correct,not_applicable,email,0,0
NYK101257,tier3,skincare,on_time,correct,not_applicable,app,0,0
NYK101258,tier2,makeup,on_time,correct,not_applicable,app,0,0
NYK101259,tier3,skincare,on_time,correct,not_applicable,app,0,0
NYK101260,metro,haircare,on_time,correct,not_applicable,app,0,0
NYK101261,tier2,skincare,delayed,wrong_item,denied,call,1,1
NYK101262,metro,skincare,on_time,damaged,refunded,call,0,0
NYK101263,tier3,haircare,on_time,correct,not_applicable,none,0,0
NYK101264,tier2,makeup,on_time,wrong_item,denied,social,1,0
NYK101265,tier3,haircare,on_time,correct,not_applicable,none,0,0
NYK101266,metro,skincare,on_time,correct,not_applicable,call,0,0
NYK101267,tier3,haircare,on_time,correct,not_applicable,call,0,0
NYK101268,tier2,skincare,on_time,correct,not_applicable,email,0,0
NYK101269,tier2,skincare,on_time,correct,not_applicable,call,0,0
NYK101270,tier3,makeup,on_time,damaged,unresolved,app,1,0
NYK101271,metro,skincare,on_time,damaged,unresolved,social,1,0
NYK101272,metro,makeup,delayed,correct,refunded,email,0,1
NYK101273,tier2,skincare,on_time,correct,not_applicable,call,0,0
NYK101274,metro,skincare,on_time,correct,not_applicable,call,0,0
NYK101275,metro,haircare,on_time,correct,not_applicable,app,0,0
NYK101276,metro,skincare,on_time,correct,not_applicable,email,0,0
NYK101277,metro,haircare,on_time,wrong_item,unresolved,call,1,0
NYK101278,tier3,haircare,on_time,correct,not_applicable,none,0,0
NYK101279,tier2,skincare,on_time,correct,not_applicable,call,0,0
NYK101280,metro,haircare,on_time,damaged,refunded,call,0,0
NYK101281,tier2,skincare,on_time,correct,not_applicable,email,0,0
NYK101282,tier2,makeup,on_time,correct,not_applicable,none,0,0
NYK101283,tier2,skincare,on_time,correct,not_applicable,social,0,0
NYK101284,tier3,haircare,delayed,correct,replaced,call,0,1
NYK101285,tier3,makeup,on_time,correct,not_applicable,call,0,0
NYK101286,metro,makeup,delayed,correct,refunded,email,0,1
NYK101287,metro,wellness,delayed,correct,denied,social,0,1
NYK101288,tier2,skincare,on_time,correct,not_applicable,none,0,0
NYK101289,tier2,haircare,on_time,correct,not_applicable,call,0,0
NYK101290,tier2,haircare,delayed,correct,refunded,email,0,1
NYK101291,tier2,wellness,on_time,correct,not_applicable,app,0,0
NYK101292,tier2,wellness,on_time,correct,not_applicable,app,0,0
NYK101293,metro,wellness,on_time,correct,not_applicable,app,0,0
NYK101294,metro,skincare,on_time,correct,not_applicable,app,0,0
NYK101295,metro,haircare,on_time,correct,not_applicable,call,0,0
NYK101296,metro,haircare,on_time,correct,not_applicable,call,0,0
NYK101297,metro,makeup,delayed,damaged,refunded,email,0,1
NYK101298,tier2,skincare,on_time,correct,not_applicable,email,0,0
NYK101299,metro,wellness,on_time,correct,not_applicable,app,0,0
NYK101300,metro,skincare,on_time,correct,not_applicable,email,0,0
NYK101301,tier2,makeup,not_delivered,correct,refunded,app,0,1
NYK101302,tier3,makeup,delayed,correct,unresolved,app,0,1
NYK101303,metro,skincare,on_time,correct,not_applicable,none,0,0
NYK101304,tier3,haircare,delayed,correct,replaced,app,0,1
NYK101305,tier3,skincare,on_time,correct,not_applicable,call,0,0
NYK101306,tier2,haircare,on_time,correct,not_applicable,email,0,0
NYK101307,tier2,haircare,delayed,correct,denied,call,0,1
NYK101308,metro,skincare,on_time,damaged,denied,call,1,0
NYK101309,tier3,haircare,on_time,damaged,replaced,email,0,0
NYK101310,metro,skincare,on_time,correct,not_applicable,email,0,0
NYK101311,tier3,haircare,on_time,correct,not_applicable,call,0,0
NYK101312,tier2,wellness,on_time,wrong_item,refunded,none,0,0
NYK101313,metro,skincare,on_time,damaged,refunded,app,0,0
NYK101314,metro,haircare,on_time,correct,not_applicable,call,0,0
NYK101315,tier2,makeup,on_time,damaged,replaced,app,0,0
NYK101316,tier2,makeup,on_time,correct,not_applicable,app,0,0
NYK101317,metro,haircare,on_time,correct,not_applicable,none,0,0
NYK101318,tier2,makeup,on_time,correct,not_applicable,email,0,0
NYK101319,tier3,makeup,on_time,correct,not_applicable,app,0,0
NYK101320,tier2,skincare,on_time,correct,not_applicable,call,0,0
NYK101321,tier2,makeup,on_time,correct,not_applicable,app,0,0
NYK101322,metro,haircare,on_time,correct,not_applicable,email,0,0
NYK101323,tier3,skincare,delayed,correct,unresolved,call,0,1
NYK101324,metro,makeup,on_time,correct,not_applicable,none,0,0
NYK101325,tier3,skincare,on_time,correct,not_applicable,app,0,0
NYK101326,metro,haircare,on_time,correct,not_applicable,call,0,0
NYK101327,tier2,makeup,on_time,correct,not_applicable,none,0,0
NYK101328,metro,makeup,on_time,correct,not_applicable,none,0,0
NYK101329,metro,skincare,delayed,correct,refunded,app,0,1
NYK101330,tier3,makeup,on_time,correct,not_applicable,call,0,0
NYK101331,tier2,wellness,delayed,correct,denied,none,0,1
NYK101332,tier2,makeup,on_time,wrong_item,denied,email,1,0
NYK101333,tier3,makeup,on_time,correct,not_applicable,email,0,0
NYK101334,tier3,haircare,on_time,correct,not_applicable,email,0,0
NYK101335,tier3,makeup,on_time,correct,not_applicable,none,0,0
NYK101336,metro,makeup,on_time,correct,not_applicable,call,0,0
NYK101337,tier2,skincare,on_time,wrong_item,unresolved,app,1,0
NYK101338,tier3,skincare,on_time,correct,not_applicable,call,0,0
NYK101339,metro,haircare,on_time,correct,not_applicable,email,0,0
NYK101340,metro,haircare,on_time,correct,not_applicable,call,0,0
NYK101341,tier3,wellness,on_time,correct,not_applicable,call,0,0
NYK101342,tier2,haircare,on_time,correct,not_applicable,email,0,0
NYK101343,tier2,makeup,on_time,correct,not_applicable,call,0,0
NYK101344,tier3,skincare,on_time,correct,not_applicable,none,0,0
NYK101345,tier2,makeup,on_time,correct,not_applicable,call,0,0
NYK101346,tier2,wellness,on_time,correct,not_applicable,email,0,0
NYK101347,metro,haircare,on_time,correct,not_applicable,email,0,0
NYK101348,tier2,makeup,on_time,damaged,refunded,app,0,0
NYK101349,metro,haircare,delayed,correct,unresolved,call,0,1
NYK101350,tier3,haircare,on_time,correct,not_applicable,app,0,0
NYK101351,tier3,wellness,on_time,correct,not_applicable,social,0,0
NYK101352,metro,haircare,on_time,correct,not_applicable,email,0,0
NYK101353,metro,makeup,on_time,wrong_item,denied,app,1,0
NYK101354,tier3,skincare,on_time,correct,not_applicable,call,0,0
NYK101355,metro,makeup,on_time,correct,not_applicable,none,0,0
NYK101356,tier2,skincare,on_time,correct,not_applicable,app,0,0
NYK101357,tier2,wellness,delayed,correct,replaced,none,0,1
NYK101358,tier2,makeup,on_time,correct,not_applicable,app,0,0
NYK101359,metro,makeup,on_time,wrong_item,denied,app,1,0
NYK101360,tier2,skincare,delayed,correct,refunded,call,0,1
NYK101361,metro,makeup,on_time,correct,not_applicable,app,0,0
NYK101362,tier2,makeup,delayed,wrong_item,denied,none,1,1
NYK101363,metro,skincare,on_time,correct,not_applicable,email,0,0
NYK101364,tier2,haircare,on_time,correct,not_applicable,email,0,0
NYK101365,tier2,makeup,delayed,correct,denied,email,0,1
NYK101366,metro,makeup,on_time,correct,not_applicable,email,0,0
NYK101367,metro,skincare,on_time,correct,not_applicable,email,0,0
NYK101368,metro,makeup,on_time,correct,not_applicable,email,0,0
NYK101369,metro,haircare,on_time,correct,not_applicable,social,0,0
NYK101370,metro,haircare,on_time,correct,not_applicable,email,0,0
NYK101371,tier3,skincare,on_time,correct,not_applicable,call,0,0
NYK101372,tier2,wellness,on_time,wrong_item,denied,call,1,0
NYK101373,tier3,haircare,delayed,correct,unresolved,call,0,1
NYK101374,tier3,skincare,on_time,correct,not_applicable,call,0,0
NYK101375,metro,skincare,on_time,correct,not_applicable,call,0,0
NYK101376,tier2,skincare,delayed,correct,denied,call,0,1
NYK101377,tier3,haircare,on_time,correct,not_applicable,app,0,0
NYK101378,tier2,skincare,on_time,correct,not_applicable,social,0,0
NYK101379,tier2,makeup,on_time,correct,not_applicable,social,0,0
NYK101380,tier2,haircare,on_time,damaged,refunded,call,0,0
NYK101381,metro,haircare,on_time,correct,not_applicable,none,0,0
NYK101382,tier2,haircare,on_time,correct,not_applicable,none,0,0
NYK101383,tier3,haircare,on_time,correct,not_applicable,none,0,0
NYK101384,tier3,skincare,on_time,correct,not_applicable,app,0,0
NYK101385,metro,haircare,on_time,correct,not_applicable,call,0,0
NYK101386,tier2,skincare,on_time,correct,not_applicable,call,0,0
NYK101387,metro,skincare,on_time,correct,not_applicable,email,0,0
NYK101388,tier3,wellness,on_time,correct,not_applicable,email,0,0
NYK101389,metro,skincare,on_time,correct,not_applicable,email,0,0
NYK101390,tier3,skincare,on_time,correct,not_applicable,social,0,0
NYK101391,tier3,makeup,on_time,wrong_item,refunded,none,0,0
NYK101392,metro,skincare,on_time,correct,not_applicable,email,0,0
NYK101393,metro,skincare,on_time,damaged,unresolved,none,1,0
NYK101394,tier3,makeup,delayed,correct,denied,social,0,1
NYK101395,metro,haircare,on_time,correct,not_applicable,call,0,0
NYK101396,tier2,haircare,delayed,correct,unresolved,social,0,1
NYK101397,tier3,skincare,delayed,correct,replaced,app,0,1
NYK101398,tier2,makeup,on_time,correct,not_applicable,app,0,0
NYK101399,metro,haircare,not_delivered,correct,replaced,none,0,1
NYK101400,tier2,skincare,on_time,wrong_item,unresolved,call,1,0
NYK101401,metro,skincare,on_time,correct,not_applicable,call,0,0
NYK101402,tier3,skincare,on_time,correct,not_applicable,none,0,0
NYK101403,metro,makeup,on_time,correct,not_applicable,call,0,0
NYK101404,metro,skincare,on_time,correct,not_applicable,app,0,0
NYK101405,metro,haircare,on_time,correct,not_applicable,app,0,0
NYK101406,tier3,wellness,on_time,correct,not_applicable,call,0,0
NYK101407,metro,skincare,on_time,correct,not_applicable,app,0,0
NYK101408,tier3,makeup,on_time,correct,not_applicable,app,0,0
NYK101409,tier2,skincare,on_time,correct,not_applicable,social,0,0
NYK101410,tier3,skincare,on_time,correct,not_applicable,call,0,0
NYK101411,tier3,haircare,on_time,correct,not_applicable,email,0,0
NYK101412,tier3,makeup,delayed,correct,denied,app,0,1
NYK101413,tier3,wellness,on_time,wrong_item,replaced,call,0,0
NYK101414,metro,makeup,delayed,correct,refunded,email,0,1
NYK101415,tier3,skincare,delayed,correct,unresolved,call,0,1
NYK101416,tier2,makeup,on_time,correct,not_applicable,call,0,0
NYK101417,tier2,skincare,on_time,correct,not_applicable,call,0,0
NYK101418,tier3,haircare,delayed,correct,denied,app,0,1
NYK101419,tier3,haircare,delayed,correct,replaced,app,0,1
NYK101420,tier2,skincare,on_time,damaged,replaced,call,0,0
NYK101421,tier2,makeup,on_time,correct,not_applicable,app,0,0
NYK101422,tier2,haircare,on_time,correct,not_applicable,app,0,0
NYK101423,metro,haircare,on_time,correct,not_applicable,app,0,0
NYK101424,metro,skincare,on_time,correct,not_applicable,social,0,0
NYK101425,metro,skincare,on_time,correct,not_applicable,call,0,0
NYK101426,metro,skincare,on_time,correct,not_applicable,email,0,0
NYK101427,metro,makeup,on_time,correct,not_applicable,email,0,0
NYK101428,tier3,makeup,on_time,correct,not_applicable,call,0,0
NYK101429,tier2,skincare,delayed,correct,refunded,app,0,1
NYK101430,tier3,makeup,on_time,correct,not_applicable,call,0,0
NYK101431,tier2,makeup,on_time,correct,not_applicable,call,0,0
NYK101432,metro,skincare,on_time,correct,not_applicable,call,0,0
NYK101433,metro,wellness,on_time,wrong_item,replaced,app,0,0
NYK101434,metro,makeup,on_time,correct,not_applicable,none,0,0
NYK101435,tier3,makeup,on_time,correct,not_applicable,email,0,0
NYK101436,metro,makeup,on_time,correct,not_applicable,app,0,0
NYK101437,tier2,skincare,on_time,wrong_item,refunded,none,0,0
NYK101438,tier3,haircare,delayed,correct,refunded,app,0,1
NYK101439,tier3,makeup,delayed,correct,denied,app,0,1
NYK101440,metro,makeup,on_time,correct,not_applicable,app,0,0
NYK101441,metro,wellness,on_time,wrong_item,replaced,none,0,0
NYK101442,metro,haircare,on_time,correct,not_applicable,app,0,0
NYK101443,metro,haircare,on_time,correct,not_applicable,social,0,0
NYK101444,metro,skincare,on_time,correct,not_applicable,email,0,0
NYK101445,tier2,skincare,on_time,correct,not_applicable,call,0,0
NYK101446,tier3,haircare,delayed,correct,denied,call,0,1
NYK101447,tier2,makeup,on_time,correct,not_applicable,app,0,0
NYK101448,tier2,haircare,on_time,correct,not_applicable,email,0,0
NYK101449,metro,haircare,on_time,correct,not_applicable,call,0,0
NYK101450,tier3,skincare,delayed,correct,replaced,call,0,1
NYK101451,tier2,skincare,delayed,correct,refunded,app,0,1
NYK101452,tier3,makeup,on_time,correct,not_applicable,social,0,0
NYK101453,tier3,skincare,on_time,correct,not_applicable,email,0,0
NYK101454,metro,haircare,on_time,correct,not_applicable,call,0,0
NYK101455,metro,haircare,on_time,correct,not_applicable,call,0,0
NYK101456,metro,makeup,on_time,correct,not_applicable,call,0,0
NYK101457,tier2,haircare,on_time,wrong_item,replaced,call,0,0
NYK101458,tier3,makeup,delayed,wrong_item,refunded,app,0,1
NYK101459,metro,haircare,on_time,correct,not_applicable,email,0,0
NYK101460,tier3,skincare,on_time,correct,not_applicable,app,0,0
NYK101461,tier2,haircare,on_time,wrong_item,denied,app,1,0
NYK101462,metro,haircare,on_time,correct,not_applicable,app,0,0
NYK101463,metro,skincare,on_time,correct,not_applicable,app,0,0
NYK101464,tier2,makeup,delayed,correct,unresolved,email,0,1
NYK101465,tier2,haircare,on_time,correct,not_applicable,email,0,0
NYK101466,tier2,skincare,on_time,correct,not_applicable,call,0,0
NYK101467,metro,haircare,on_time,damaged,denied,call,1,0
NYK101468,tier2,wellness,delayed,correct,denied,email,0,1
NYK101469,metro,haircare,on_time,correct,not_applicable,email,0,0
NYK101470,tier3,makeup,on_time,correct,not_applicable,social,0,0
NYK101471,metro,makeup,on_time,correct,not_applicable,social,0,0
NYK101472,metro,wellness,on_time,correct,not_applicable,social,0,0
NYK101473,tier2,makeup,on_time,wrong_item,unresolved,social,1,0
NYK101474,tier2,skincare,on_time,correct,not_applicable,none,0,0
NYK101475,tier2,skincare,on_time,correct,not_applicable,email,0,0
NYK101476,tier2,haircare,on_time,correct,not_applicable,email,0,0
NYK101477,tier3,makeup,delayed,correct,denied,email,0,1
NYK101478,tier2,skincare,delayed,correct,replaced,app,0,1
NYK101479,tier2,skincare,delayed,correct,denied,call,0,1
NYK101480,tier2,haircare,on_time,correct,not_applicable,none,0,0
NYK101481,metro,makeup,on_time,correct,not_applicable,call,0,0
NYK101482,tier2,haircare,on_time,correct,not_applicable,app,0,0
NYK101483,metro,haircare,on_time,correct,not_applicable,call,0,0
NYK101484,tier2,wellness,on_time,damaged,replaced,app,0,0
NYK101485,metro,haircare,on_time,wrong_item,refunded,call,0,0
NYK101486,tier3,skincare,delayed,correct,denied,call,0,1
NYK101487,tier2,haircare,delayed,damaged,denied,call,1,1
NYK101488,tier3,skincare,on_time,correct,not_applicable,call,0,0
NYK101489,tier2,wellness,on_time,correct,not_applicable,app,0,0
NYK101490,metro,skincare,on_time,correct,not_applicable,call,0,0
NYK101491,tier3,haircare,on_time,correct,not_applicable,app,0,0
NYK101492,tier2,haircare,on_time,correct,not_applicable,call,0,0
NYK101493,tier3,skincare,on_time,correct,not_applicable,email,0,0
NYK101494,tier2,haircare,on_time,correct,not_applicable,app,0,0
NYK101495,tier2,skincare,on_time,correct,not_applicable,none,0,0
NYK101496,tier3,makeup,on_time,correct,not_applicable,email,0,0
NYK101497,tier2,makeup,not_delivered,correct,refunded,app,0,1
NYK101498,metro,makeup,on_time,damaged,unresolved,call,1,0
NYK101499,tier2,makeup,on_time,correct,not_applicable,app,0,0
NYK101500,tier2,wellness,on_time,correct,not_applicable,app,0,0
NYK101501,tier3,skincare,on_time,correct,not_applicable,none,0,0
NYK101502,metro,makeup,on_time,correct,not_applicable,email,0,0
NYK101503,tier2,haircare,on_time,correct,not_applicable,social,0,0
NYK101504,tier3,haircare,delayed,correct,refunded,email,0,1
NYK101505,tier2,skincare,on_time,correct,not_applicable,none,0,0
NYK101506,tier2,wellness,on_time,correct,not_applicable,none,0,0
NYK101507,tier2,skincare,on_time,correct,not_applicable,app,0,0
NYK101508,metro,makeup,on_time,correct,not_applicable,app,0,0
NYK101509,tier2,makeup,on_time,correct,not_applicable,call,0,0
NYK101510,metro,haircare,on_time,correct,not_applicable,call,0,0
NYK101511,metro,skincare,not_delivered,correct,denied,call,0,1
NYK101512,tier2,skincare,on_time,correct,not_applicable,app,0,0
NYK101513,tier2,haircare,on_time,correct,not_applicable,social,0,0
NYK101514,tier3,skincare,on_time,correct,not_applicable,app,0,0
NYK101515,metro,makeup,on_time,correct,not_applicable,social,0,0
NYK101516,metro,haircare,not_delivered,correct,unresolved,call,0,1
NYK101517,tier3,haircare,on_time,correct,not_applicable,app,0,0
NYK101518,metro,skincare,on_time,correct,not_applicable,social,0,0
NYK101519,metro,skincare,on_time,correct,not_applicable,call,0,0
NYK101520,metro,wellness,on_time,correct,not_applicable,email,0,0
NYK101521,tier2,makeup,on_time,correct,not_applicable,none,0,0
NYK101522,tier3,skincare,delayed,correct,refunded,app,0,1
NYK101523,tier3,skincare,on_time,correct,not_applicable,app,0,0
NYK101524,tier2,skincare,delayed,correct,unresolved,app,0,1
NYK101525,metro,wellness,on_time,correct,not_applicable,app,0,0
NYK101526,metro,skincare,on_time,correct,not_applicable,none,0,0
NYK101527,tier2,skincare,on_time,correct,not_applicable,social,0,0
NYK101528,metro,makeup,on_time,correct,not_applicable,call,0,0
NYK101529,metro,skincare,on_time,correct,not_applicable,email,0,0
NYK101530,metro,skincare,on_time,correct,not_applicable,none,0,0
NYK101531,metro,wellness,on_time,correct,not_applicable,app,0,0
NYK101532,tier2,haircare,on_time,correct,not_applicable,app,0,0
NYK101533,tier2,skincare,on_time,wrong_item,denied,social,1,0
NYK101534,metro,makeup,on_time,correct,not_applicable,email,0,0
NYK101535,tier2,skincare,on_time,correct,not_applicable,app,0,0
NYK101536,tier3,skincare,on_time,correct,not_applicable,call,0,0
NYK101537,tier2,makeup,on_time,wrong_item,denied,app,1,0
NYK101538,tier3,makeup,delayed,correct,unresolved,email,0,1
NYK101539,tier2,haircare,delayed,correct,denied,email,0,1
NYK101540,tier3,haircare,delayed,damaged,replaced,app,0,1
NYK101541,metro,skincare,on_time,correct,not_applicable,social,0,0
NYK101542,metro,wellness,on_time,correct,not_applicable,call,0,0
NYK101543,metro,makeup,on_time,wrong_item,denied,email,1,0
NYK101544,tier2,skincare,on_time,wrong_item,replaced,email,0,0
NYK101545,metro,haircare,on_time,correct,not_applicable,call,0,0
NYK101546,metro,skincare,on_time,correct,not_applicable,app,0,0
NYK101547,tier3,makeup,on_time,correct,not_applicable,app,0,0
NYK101548,metro,haircare,on_time,correct,not_applicable,email,0,0
NYK101549,metro,skincare,on_time,correct,not_applicable,email,0,0
NYK101550,metro,haircare,on_time,correct,not_applicable,app,0,0
NYK101551,tier2,skincare,delayed,correct,refunded,none,0,1
NYK101552,metro,haircare,on_time,correct,not_applicable,social,0,0
NYK101553,metro,skincare,on_time,damaged,refunded,app,0,0
NYK101554,metro,skincare,on_time,correct,not_applicable,app,0,0
NYK101555,tier3,makeup,on_time,correct,not_applicable,call,0,0
NYK101556,tier3,haircare,on_time,correct,not_applicable,app,0,0
NYK101557,tier2,skincare,delayed,correct,replaced,none,0,1
NYK101558,tier2,haircare,on_time,correct,not_applicable,email,0,0
NYK101559,tier3,skincare,on_time,correct,not_applicable,app,0,0
NYK101560,tier3,makeup,delayed,correct,denied,call,0,1
NYK101561,tier2,makeup,on_time,correct,not_applicable,app,0,0
NYK101562,tier3,skincare,on_time,correct,not_applicable,call,0,0
NYK101563,tier3,wellness,on_time,correct,not_applicable,app,0,0
NYK101564,tier3,makeup,on_time,damaged,unresolved,social,1,0
NYK101565,tier2,haircare,on_time,correct,not_applicable,email,0,0
NYK101566,metro,makeup,on_time,correct,not_applicable,none,0,0
NYK101567,metro,makeup,on_time,correct,not_applicable,app,0,0
NYK101568,tier2,makeup,on_time,wrong_item,unresolved,call,1,0
NYK101569,tier2,haircare,on_time,correct,not_applicable,social,0,0
NYK101570,tier2,haircare,delayed,correct,refunded,call,0,1
NYK101571,tier2,makeup,not_delivered,correct,replaced,call,0,1
NYK101572,tier2,makeup,on_time,correct,not_applicable,none,0,0
NYK101573,tier3,makeup,delayed,correct,replaced,social,0,1
NYK101574,metro,makeup,on_time,wrong_item,refunded,none,0,0
NYK101575,metro,makeup,on_time,correct,not_applicable,call,0,0
NYK101576,tier3,makeup,on_time,correct,not_applicable,email,0,0
NYK101577,tier3,haircare,on_time,correct,not_applicable,call,0,0
NYK101578,tier3,wellness,on_time,correct,not_applicable,call,0,0
NYK101579,tier3,wellness,on_time,correct,not_applicable,app,0,0
NYK101580,tier3,haircare,on_time,correct,not_applicable,social,0,0
NYK101581,metro,makeup,on_time,correct,not_applicable,call,0,0
NYK101582,tier2,haircare,on_time,correct,not_applicable,email,0,0
NYK101583,metro,skincare,on_time,correct,not_applicable,none,0,0
NYK101584,tier2,makeup,delayed,damaged,replaced,social,0,1
NYK101585,tier3,skincare,not_delivered,correct,replaced,app,0,1
NYK101586,metro,skincare,on_time,correct,not_applicable,email,0,0
NYK101587,tier2,wellness,on_time,damaged,unresolved,call,1,0
NYK101588,metro,haircare,on_time,correct,not_applicable,app,0,0
NYK101589,metro,makeup,on_time,correct,not_applicable,app,0,0
NYK101590,metro,skincare,on_time,wrong_item,refunded,email,0,0
NYK101591,metro,haircare,on_time,correct,not_applicable,social,0,0
NYK101592,tier3,makeup,delayed,correct,denied,none,0,1
NYK101593,tier2,haircare,on_time,correct,not_applicable,call,0,0
NYK101594,tier3,wellness,on_time,correct,not_applicable,call,0,0
NYK101595,tier2,skincare,on_time,correct,not_applicable,app,0,0
NYK101596,metro,skincare,on_time,correct,not_applicable,none,0,0
NYK101597,metro,skincare,on_time,correct,not_applicable,social,0,0
NYK101598,tier3,skincare,delayed,correct,unresolved,none,0,1
NYK101599,metro,makeup,on_time,correct,not_applicable,call,0,0
NYK101600,tier3,skincare,delayed,correct,denied,app,0,1
NYK101601,metro,skincare,on_time,correct,not_applicable,email,0,0
NYK101602,tier2,skincare,on_time,correct,not_applicable,call,0,0
NYK101603,tier3,skincare,not_delivered,correct,refunded,call,0,1
NYK101604,metro,haircare,on_time,correct,not_applicable,app,0,0
NYK101605,metro,skincare,on_time,correct,not_applicable,app,0,0
NYK101606,tier3,haircare,on_time,damaged,refunded,call,0,0
NYK101607,metro,skincare,on_time,correct,not_applicable,none,0,0
NYK101608,tier2,skincare,on_time,correct,not_applicable,email,0,0
NYK101609,tier2,skincare,on_time,correct,not_applicable,social,0,0
NYK101610,metro,haircare,on_time,correct,not_applicable,app,0,0
NYK101611,tier3,skincare,on_time,correct,not_applicable,email,0,0
NYK101612,tier3,makeup,on_time,correct,not_applicable,call,0,0
NYK101613,metro,skincare,on_time,correct,not_applicable,app,0,0
NYK101614,tier3,wellness,delayed,correct,unresolved,call,0,1
NYK101615,metro,skincare,on_time,correct,not_applicable,app,0,0
NYK101616,metro,makeup,on_time,correct,not_applicable,none,0,0
NYK101617,tier2,haircare,on_time,correct,not_applicable,social,0,0
NYK101618,tier3,skincare,on_time,correct,not_applicable,app,0,0
NYK101619,metro,skincare,on_time,correct,not_applicable,email,0,0
NYK101620,metro,haircare,on_time,correct,not_applicable,call,0,0
NYK101621,tier2,skincare,on_time,correct,not_applicable,app,0,0
NYK101622,tier3,skincare,on_time,correct,not_applicable,email,0,0
NYK101623,metro,makeup,on_time,correct,not_applicable,social,0,0
NYK101624,metro,skincare,on_time,correct,not_applicable,social,0,0
NYK101625,tier2,wellness,on_time,correct,not_applicable,app,0,0
NYK101626,metro,makeup,on_time,correct,not_applicable,call,0,0
NYK101627,metro,makeup,not_delivered,correct,refunded,app,0,1
NYK101628,metro,skincare,on_time,correct,not_applicable,app,0,0
NYK101629,tier2,haircare,on_time,correct,not_applicable,app,0,0
NYK101630,tier2,haircare,on_time,correct,not_applicable,app,0,0
NYK101631,tier3,skincare,on_time,correct,not_applicable,call,0,0
NYK101632,tier2,haircare,on_time,correct,not_applicable,call,0,0
NYK101633,tier2,makeup,on_time,correct,not_applicable,email,0,0
NYK101634,tier3,haircare,on_time,correct,not_applicable,call,0,0
NYK101635,tier2,skincare,on_time,correct,not_applicable,app,0,0
NYK101636,tier2,skincare,on_time,damaged,refunded,none,0,0
NYK101637,tier3,haircare,delayed,correct,unresolved,none,0,1
NYK101638,metro,haircare,delayed,correct,denied,app,0,1
NYK101639,tier2,makeup,not_delivered,correct,denied,call,0,1
NYK101640,tier3,skincare,delayed,correct,refunded,app,0,1
NYK101641,metro,haircare,on_time,correct,not_applicable,none,0,0
NYK101642,tier2,skincare,on_time,correct,not_applicable,call,0,0
NYK101643,metro,skincare,on_time,correct,not_applicable,app,0,0
NYK101644,metro,makeup,on_time,correct,not_applicable,email,0,0
NYK101645,tier2,skincare,on_time,correct,not_applicable,email,0,0
NYK101646,metro,skincare,on_time,correct,not_applicable,app,0,0
NYK101647,tier3,skincare,on_time,correct,not_applicable,call,0,0
NYK101648,tier3,wellness,on_time,correct,not_applicable,call,0,0
NYK101649,tier3,skincare,delayed,damaged,replaced,app,0,1
NYK101650,metro,haircare,on_time,correct,not_applicable,app,0,0
NYK101651,metro,wellness,on_time,correct,not_applicable,social,0,0
NYK101652,metro,haircare,on_time,correct,not_applicable,social,0,0
NYK101653,metro,makeup,on_time,correct,not_applicable,email,0,0
NYK101654,tier3,makeup,on_time,correct,not_applicable,email,0,0
NYK101655,tier2,makeup,on_time,correct,not_applicable,call,0,0
NYK101656,metro,makeup,on_time,correct,not_applicable,call,0,0
NYK101657,tier3,wellness,on_time,correct,not_applicable,email,0,0
NYK101658,metro,haircare,on_time,correct,not_applicable,app,0,0
NYK101659,metro,makeup,not_delivered,correct,denied,app,0,1
NYK101660,metro,skincare,on_time,correct,not_applicable,app,0,0
NYK101661,tier2,haircare,on_time,damaged,refunded,email,0,0
NYK101662,tier3,skincare,on_time,correct,not_applicable,email,0,0
NYK101663,metro,haircare,on_time,correct,not_applicable,call,0,0
NYK101664,tier3,skincare,delayed,correct,refunded,call,0,1
NYK101665,tier3,haircare,on_time,correct,not_applicable,social,0,0
NYK101666,tier3,haircare,delayed,correct,refunded,app,0,1
NYK101667,metro,makeup,delayed,correct,denied,call,0,1
NYK101668,metro,skincare,on_time,correct,not_applicable,social,0,0
NYK101669,tier3,haircare,on_time,correct,not_applicable,email,0,0
NYK101670,metro,makeup,on_time,damaged,refunded,call,0,0
NYK101671,tier2,skincare,on_time,wrong_item,unresolved,app,1,0
NYK101672,tier3,makeup,on_time,correct,not_applicable,none,0,0
NYK101673,metro,makeup,on_time,correct,not_applicable,call,0,0
NYK101674,tier3,haircare,on_time,correct,not_applicable,none,0,0
NYK101675,tier3,skincare,on_time,wrong_item,refunded,social,0,0
NYK101676,tier2,makeup,on_time,correct,not_applicable,none,0,0
NYK101677,tier2,haircare,delayed,correct,refunded,app,0,1
NYK101678,tier3,skincare,on_time,wrong_item,unresolved,call,1,0
NYK101679,tier2,makeup,on_time,correct,not_applicable,app,0,0
NYK101680,tier2,haircare,on_time,correct,not_applicable,app,0,0
NYK101681,tier3,haircare,on_time,correct,not_applicable,app,0,0
NYK101682,tier2,makeup,delayed,correct,unresolved,call,0,1
NYK101683,metro,haircare,delayed,correct,denied,call,0,1
NYK101684,metro,skincare,on_time,correct,not_applicable,email,0,0
NYK101685,metro,makeup,on_time,correct,not_applicable,call,0,0
NYK101686,tier2,wellness,on_time,damaged,unresolved,app,1,0
NYK101687,tier2,haircare,on_time,correct,not_applicable,call,0,0
NYK101688,tier2,makeup,on_time,correct,not_applicable,email,0,0
NYK101689,metro,makeup,on_time,correct,not_applicable,app,0,0
NYK101690,tier3,makeup,on_time,correct,not_applicable,email,0,0
NYK101691,tier3,skincare,delayed,correct,refunded,call,0,1
NYK101692,metro,haircare,on_time,correct,not_applicable,email,0,0
NYK101693,tier2,haircare,on_time,correct,not_applicable,social,0,0
NYK101694,tier2,makeup,on_time,correct,not_applicable,call,0,0
NYK101695,tier2,skincare,delayed,correct,replaced,email,0,1
NYK101696,metro,skincare,on_time,correct,not_applicable,none,0,0
NYK101697,tier3,skincare,on_time,correct,not_applicable,app,0,0
NYK101698,tier3,haircare,delayed,correct,refunded,call,0,1
NYK101699,tier2,makeup,delayed,wrong_item,replaced,none,0,1
NYK101700,tier3,skincare,on_time,correct,not_applicable,social,0,0
NYK101701,tier3,makeup,delayed,correct,denied,email,0,1
NYK101702,metro,wellness,on_time,correct,not_applicable,app,0,0
NYK101703,tier2,skincare,on_time,correct,not_applicable,call,0,0
NYK101704,tier2,makeup,on_time,correct,not_applicable,none,0,0
NYK101705,tier3,makeup,on_time,correct,not_applicable,email,0,0
NYK101706,metro,skincare,on_time,correct,not_applicable,app,0,0
NYK101707,tier2,makeup,on_time,correct,not_applicable,app,0,0
NYK101708,tier3,makeup,on_time,correct,not_applicable,social,0,0
NYK101709,metro,skincare,on_time,correct,not_applicable,email,0,0
NYK101710,tier3,skincare,on_time,correct,not_applicable,none,0,0
NYK101711,metro,haircare,on_time,correct,not_applicable,call,0,0
NYK101712,tier3,skincare,on_time,correct,not_applicable,call,0,0
NYK101713,tier3,makeup,on_time,correct,not_applicable,app,0,0
NYK101714,metro,makeup,on_time,correct,not_applicable,call,0,0
NYK101715,tier3,haircare,delayed,correct,denied,call,0,1
NYK101716,metro,haircare,on_time,correct,not_applicable,app,0,0
NYK101717,tier2,haircare,on_time,correct,not_applicable,call,0,0
NYK101718,tier2,makeup,on_time,correct,not_applicable,app,0,0
NYK101719,tier3,makeup,not_delivered,correct,refunded,social,0,1
NYK101720,metro,makeup,on_time,correct,not_applicable,app,0,0
NYK101721,metro,makeup,on_time,correct,not_applicable,call,0,0
NYK101722,tier2,makeup,on_time,correct,not_applicable,email,0,0
NYK101723,tier2,skincare,on_time,correct,not_applicable,app,0,0
NYK101724,tier2,makeup,on_time,correct,not_applicable,call,0,0
NYK101725,metro,makeup,on_time,correct,not_applicable,social,0,0
NYK101726,metro,skincare,on_time,wrong_item,replaced,email,0,0
NYK101727,tier3,skincare,on_time,correct,not_applicable,call,0,0
NYK101728,metro,haircare,on_time,correct,not_applicable,social,0,0
NYK101729,metro,makeup,on_time,correct,not_applicable,none,0,0
NYK101730,tier3,haircare,delayed,correct,unresolved,social,0,1
NYK101731,metro,makeup,on_time,correct,not_applicable,call,0,0
NYK101732,tier2,haircare,delayed,correct,replaced,email,0,1
NYK101733,metro,haircare,on_time,correct,not_applicable,call,0,0
NYK101734,tier3,skincare,delayed,correct,refunded,call,0,1
NYK101735,tier2,wellness,delayed,wrong_item,replaced,call,0,1
NYK101736,tier3,skincare,delayed,correct,refunded,social,0,1
NYK101737,metro,makeup,on_time,damaged,replaced,call,0,0
NYK101738,tier2,haircare,on_time,correct,not_applicable,none,0,0
NYK101739,tier3,skincare,delayed,correct,replaced,none,0,1
NYK101740,metro,makeup,on_time,correct,not_applicable,call,0,0
NYK101741,metro,makeup,on_time,correct,not_applicable,app,0,0
NYK101742,metro,skincare,not_delivered,wrong_item,replaced,none,0,1
NYK101743,tier3,skincare,on_time,correct,not_applicable,app,0,0
NYK101744,tier2,skincare,on_time,correct,not_applicable,social,0,0
NYK101745,tier2,skincare,delayed,correct,replaced,app,0,1
NYK101746,tier2,makeup,on_time,correct,not_applicable,app,0,0
NYK101747,tier2,makeup,on_time,wrong_item,replaced,app,0,0
NYK101748,tier2,makeup,on_time,correct,not_applicable,app,0,0
NYK101749,tier2,haircare,on_time,correct,not_applicable,none,0,0
NYK101750,tier2,skincare,delayed,correct,refunded,app,0,1
NYK101751,metro,skincare,on_time,correct,not_applicable,app,0,0
NYK101752,tier3,haircare,on_time,correct,not_applicable,email,0,0
NYK101753,tier3,wellness,on_time,correct,not_applicable,none,0,0
NYK101754,metro,makeup,on_time,correct,not_applicable,call,0,0
NYK101755,tier2,skincare,on_time,correct,not_applicable,social,0,0
NYK101756,metro,haircare,delayed,correct,refunded,app,0,1
NYK101757,tier3,haircare,on_time,correct,not_applicable,social,0,0
NYK101758,tier3,makeup,on_time,correct,not_applicable,email,0,0
NYK101759,tier3,skincare,on_time,correct,not_applicable,none,0,0
NYK101760,metro,skincare,on_time,wrong_item,replaced,email,0,0
NYK101761,metro,makeup,on_time,correct,not_applicable,none,0,0
NYK101762,metro,wellness,on_time,correct,not_applicable,call,0,0
NYK101763,metro,haircare,on_time,correct,not_applicable,email,0,0
NYK101764,metro,skincare,delayed,wrong_item,unresolved,email,1,1
NYK101765,metro,makeup,on_time,damaged,denied,app,1,0
NYK101766,tier3,haircare,on_time,correct,not_applicable,none,0,0
NYK101767,metro,makeup,on_time,correct,not_applicable,social,0,0
NYK101768,metro,haircare,on_time,correct,not_applicable,none,0,0
NYK101769,tier3,makeup,on_time,correct,not_applicable,call,0,0
NYK101770,tier2,skincare,on_time,damaged,refunded,social,0,0
NYK101771,tier3,makeup,on_time,wrong_item,replaced,call,0,0
NYK101772,tier2,makeup,on_time,damaged,denied,none,1,0
NYK101773,tier3,wellness,on_time,correct,not_applicable,app,0,0
NYK101774,tier2,makeup,on_time,correct,not_applicable,email,0,0
NYK101775,tier2,makeup,on_time,wrong_item,replaced,app,0,0
NYK101776,tier2,makeup,on_time,correct,not_applicable,email,0,0
NYK101777,tier2,makeup,on_time,correct,not_applicable,call,0,0
NYK101778,metro,makeup,on_time,correct,not_applicable,none,0,0
NYK101779,tier2,haircare,delayed,correct,denied,none,0,1
NYK101780,metro,makeup,on_time,correct,not_applicable,call,0,0
NYK101781,tier3,makeup,on_time,correct,not_applicable,social,0,0
NYK101782,metro,makeup,on_time,correct,not_applicable,email,0,0
NYK101783,metro,skincare,on_time,correct,not_applicable,call,0,0
NYK101784,metro,haircare,on_time,correct,not_applicable,call,0,0
NYK101785,tier3,makeup,on_time,correct,not_applicable,app,0,0
NYK101786,metro,makeup,on_time,correct,not_applicable,app,0,0
NYK101787,tier2,haircare,on_time,correct,not_applicable,call,0,0
NYK101788,tier3,haircare,delayed,correct,unresolved,call,0,1
NYK101789,metro,haircare,on_time,correct,not_applicable,call,0,0
NYK101790,tier3,makeup,delayed,correct,refunded,none,0,1
NYK101791,metro,skincare,on_time,correct,not_applicable,app,0,0
NYK101792,metro,haircare,on_time,correct,not_applicable,none,0,0
NYK101793,tier2,makeup,on_time,correct,not_applicable,social,0,0
NYK101794,tier3,makeup,on_time,correct,not_applicable,social,0,0
NYK101795,metro,makeup,on_time,correct,not_applicable,call,0,0
NYK101796,tier2,haircare,on_time,correct,not_applicable,app,0,0
NYK101797,metro,skincare,on_time,correct,not_applicable,none,0,0
NYK101798,tier2,makeup,on_time,correct,not_applicable,email,0,0
NYK101799,tier2,skincare,on_time,correct,not_applicable,social,0,0
NYK101800,tier2,makeup,on_time,correct,not_applicable,app,0,0
NYK101801,tier2,haircare,on_time,correct,not_applicable,email,0,0
NYK101802,metro,makeup,on_time,correct,not_applicable,call,0,0
NYK101803,tier2,makeup,on_time,correct,not_applicable,email,0,0
NYK101804,tier2,haircare,on_time,correct,not_applicable,social,0,0
NYK101805,tier2,haircare,on_time,wrong_item,replaced,app,0,0
NYK101806,metro,makeup,on_time,correct,not_applicable,app,0,0
NYK101807,tier2,wellness,on_time,correct,not_applicable,app,0,0
NYK101808,tier2,makeup,on_time,correct,not_applicable,app,0,0
NYK101809,metro,haircare,on_time,correct,not_applicable,app,0,0
NYK101810,metro,skincare,delayed,wrong_item,replaced,app,0,1
NYK101811,tier2,skincare,on_time,wrong_item,replaced,call,0,0
NYK101812,tier2,skincare,delayed,correct,refunded,email,0,1
NYK101813,metro,skincare,not_delivered,correct,denied,social,0,1
NYK101814,tier3,makeup,on_time,wrong_item,refunded,call,0,0
NYK101815,tier2,skincare,on_time,correct,not_applicable,app,0,0
NYK101816,tier3,makeup,on_time,correct,not_applicable,social,0,0
NYK101817,tier2,skincare,on_time,correct,not_applicable,call,0,0
NYK101818,tier2,skincare,on_time,wrong_item,denied,app,1,0
NYK101819,tier2,wellness,on_time,correct,not_applicable,call,0,0
NYK101820,tier3,haircare,delayed,correct,denied,none,0,1
NYK101821,tier2,wellness,on_time,damaged,refunded,call,0,0
NYK101822,tier2,makeup,on_time,correct,not_applicable,none,0,0
NYK101823,tier2,skincare,on_time,wrong_item,unresolved,app,1,0
NYK101824,tier2,makeup,on_time,correct,not_applicable,app,0,0
NYK101825,metro,makeup,on_time,correct,not_applicable,app,0,0
NYK101826,tier2,skincare,on_time,correct,not_applicable,social,0,0
NYK101827,tier2,haircare,on_time,correct,not_applicable,call,0,0
NYK101828,tier3,makeup,on_time,correct,not_applicable,email,0,0
NYK101829,tier2,haircare,on_time,correct,not_applicable,none,0,0
NYK101830,tier2,makeup,on_time,correct,not_applicable,call,0,0
NYK101831,tier3,makeup,on_time,correct,not_applicable,app,0,0
NYK101832,tier2,skincare,on_time,correct,not_applicable,email,0,0
NYK101833,metro,wellness,on_time,correct,not_applicable,app,0,0
NYK101834,metro,makeup,on_time,correct,not_applicable,email,0,0
NYK101835,metro,skincare,on_time,correct,not_applicable,none,0,0
NYK101836,metro,skincare,on_time,correct,not_applicable,call,0,0
NYK101837,tier2,makeup,delayed,correct,denied,call,0,1
NYK101838,tier3,wellness,on_time,correct,not_applicable,email,0,0
NYK101839,tier2,haircare,on_time,correct,not_applicable,app,0,0
NYK101840,metro,haircare,delayed,correct,replaced,call,0,1
NYK101841,tier2,wellness,delayed,correct,unresolved,call,0,1
NYK101842,metro,haircare,on_time,correct,not_applicable,app,0,0
NYK101843,tier3,skincare,on_time,correct,not_applicable,app,0,0
NYK101844,metro,makeup,on_time,correct,not_applicable,email,0,0
NYK101845,tier2,skincare,on_time,correct,not_applicable,call,0,0
NYK101846,metro,skincare,on_time,correct,not_applicable,call,0,0
NYK101847,tier2,makeup,on_time,correct,not_applicable,none,0,0
NYK101848,tier2,skincare,on_time,correct,not_applicable,app,0,0
NYK101849,tier3,wellness,on_time,correct,not_applicable,app,0,0
NYK101850,metro,wellness,on_time,correct,not_applicable,none,0,0
NYK101851,tier3,makeup,on_time,correct,not_applicable,app,0,0
NYK101852,tier2,haircare,on_time,correct,not_applicable,none,0,0
NYK101853,tier3,makeup,delayed,correct,denied,email,0,1
NYK101854,tier3,skincare,on_time,correct,not_applicable,call,0,0
NYK101855,tier3,skincare,on_time,correct,not_applicable,app,0,0
NYK101856,metro,skincare,on_time,correct,not_applicable,call,0,0
NYK101857,metro,skincare,on_time,correct,not_applicable,social,0,0
NYK101858,metro,skincare,on_time,correct,not_applicable,app,0,0
NYK101859,metro,skincare,on_time,correct,not_applicable,social,0,0
NYK101860,tier2,skincare,delayed,correct,refunded,social,0,1
NYK101861,tier3,wellness,not_delivered,wrong_item,replaced,email,0,1
NYK101862,tier3,skincare,delayed,correct,replaced,app,0,1
NYK101863,tier2,skincare,delayed,correct,denied,email,0,1
NYK101864,tier2,makeup,on_time,correct,not_applicable,email,0,0
NYK101865,tier3,makeup,on_time,correct,not_applicable,app,0,0
NYK101866,tier3,makeup,on_time,correct,not_applicable,none,0,0
NYK101867,metro,skincare,on_time,correct,not_applicable,app,0,0
NYK101868,tier2,makeup,on_time,correct,not_applicable,none,0,0
NYK101869,tier3,makeup,on_time,correct,not_applicable,app,0,0
NYK101870,metro,haircare,on_time,wrong_item,unresolved,app,1,0
NYK101871,tier2,makeup,on_time,correct,not_applicable,email,0,0
NYK101872,tier3,makeup,on_time,correct,not_applicable,app,0,0
NYK101873,tier3,makeup,on_time,damaged,replaced,app,0,0
NYK101874,tier3,skincare,on_time,correct,not_applicable,app,0,0
NYK101875,tier3,makeup,on_time,correct,not_applicable,social,0,0
NYK101876,metro,skincare,on_time,correct,not_applicable,app,0,0
NYK101877,metro,skincare,on_time,correct,not_applicable,email,0,0
NYK101878,tier2,haircare,on_time,correct,not_applicable,email,0,0
NYK101879,tier2,skincare,on_time,correct,not_applicable,call,0,0
NYK101880,tier2,skincare,on_time,correct,not_applicable,call,0,0
NYK101881,tier2,haircare,delayed,correct,refunded,app,0,1
NYK101882,tier2,makeup,on_time,correct,not_applicable,none,0,0
NYK101883,tier2,haircare,delayed,correct,replaced,social,0,1
NYK101884,metro,wellness,on_time,correct,not_applicable,none,0,0
NYK101885,metro,wellness,on_time,correct,not_applicable,email,0,0
NYK101886,metro,makeup,not_delivered,correct,denied,social,0,1
NYK101887,metro,skincare,on_time,wrong_item,replaced,none,0,0
NYK101888,tier3,makeup,delayed,correct,refunded,call,0,1
NYK101889,tier2,makeup,on_time,correct,not_applicable,none,0,0
NYK101890,metro,makeup,on_time,correct,not_applicable,app,0,0
NYK101891,tier3,skincare,on_time,correct,not_applicable,app,0,0
NYK101892,tier2,skincare,on_time,correct,not_applicable,call,0,0
NYK101893,metro,skincare,on_time,correct,not_applicable,call,0,0
NYK101894,metro,skincare,on_time,correct,not_applicable,call,0,0
NYK101895,metro,skincare,on_time,correct,not_applicable,call,0,0
NYK101896,tier2,wellness,on_time,correct,not_applicable,call,0,0
NYK101897,metro,skincare,on_time,damaged,refunded,none,0,0
NYK101898,metro,makeup,on_time,wrong_item,denied,call,1,0
NYK101899,metro,wellness,delayed,correct,refunded,call,0,1
NYK101900,tier2,makeup,on_time,correct,not_applicable,email,0,0
NYK101901,metro,makeup,on_time,correct,not_applicable,email,0,0
NYK101902,tier3,haircare,on_time,correct,not_applicable,social,0,0
NYK101903,metro,skincare,on_time,correct,not_applicable,call,0,0
NYK101904,tier2,makeup,on_time,correct,not_applicable,app,0,0
NYK101905,tier2,haircare,on_time,correct,not_applicable,none,0,0
NYK101906,tier2,haircare,on_time,correct,not_applicable,app,0,0
NYK101907,metro,haircare,on_time,wrong_item,replaced,email,0,0
NYK101908,tier3,wellness,on_time,correct,not_applicable,call,0,0
NYK101909,tier3,makeup,on_time,correct,not_applicable,call,0,0
NYK101910,metro,haircare,delayed,correct,refunded,social,0,1
NYK101911,metro,makeup,on_time,correct,not_applicable,call,0,0
NYK101912,tier3,haircare,delayed,correct,replaced,app,0,1
NYK101913,tier2,haircare,on_time,correct,not_applicable,social,0,0
NYK101914,metro,haircare,not_delivered,correct,refunded,app,0,1
NYK101915,metro,haircare,on_time,correct,not_applicable,app,0,0
NYK101916,tier2,skincare,delayed,correct,refunded,call,0,1
NYK101917,tier2,haircare,on_time,correct,not_applicable,call,0,0
NYK101918,tier2,skincare,not_delivered,correct,denied,email,0,1
NYK101919,tier3,makeup,on_time,correct,not_applicable,call,0,0
NYK101920,tier2,haircare,on_time,correct,not_applicable,call,0,0
NYK101921,metro,haircare,on_time,correct,not_applicable,call,0,0
NYK101922,tier2,makeup,on_time,correct,not_applicable,none,0,0
NYK101923,metro,makeup,on_time,correct,not_applicable,app,0,0
NYK101924,metro,skincare,on_time,correct,not_applicable,none,0,0
NYK101925,metro,skincare,on_time,damaged,refunded,call,0,0
NYK101926,metro,skincare,on_time,damaged,refunded,call,0,0
NYK101927,tier2,wellness,on_time,correct,not_applicable,email,0,0
NYK101928,metro,skincare,on_time,correct,not_applicable,call,0,0
NYK101929,tier2,wellness,delayed,correct,replaced,email,0,1
NYK101930,tier2,skincare,on_time,wrong_item,refunded,none,0,0
NYK101931,tier2,haircare,on_time,correct,not_applicable,social,0,0
NYK101932,tier3,makeup,on_time,correct,not_applicable,call,0,0
NYK101933,tier3,haircare,on_time,correct,not_applicable,email,0,0
NYK101934,tier2,makeup,delayed,correct,refunded,call,0,1
NYK101935,metro,haircare,on_time,correct,not_applicable,social,0,0
NYK101936,tier2,wellness,delayed,correct,replaced,app,0,1
NYK101937,tier2,makeup,not_delivered,correct,replaced,app,0,1
NYK101938,metro,skincare,on_time,correct,not_applicable,call,0,0
NYK101939,metro,skincare,on_time,correct,not_applicable,app,0,0
NYK101940,metro,haircare,on_time,correct,not_applicable,email,0,0
NYK101941,tier2,makeup,on_time,correct,not_applicable,app,0,0
NYK101942,tier2,makeup,on_time,correct,not_applicable,app,0,0
NYK101943,metro,makeup,on_time,damaged,replaced,email,0,0
NYK101944,tier3,makeup,on_time,wrong_item,unresolved,call,1,0
NYK101945,tier3,haircare,on_time,correct,not_applicable,none,0,0
NYK101946,metro,haircare,on_time,wrong_item,replaced,app,0,0
NYK101947,tier3,haircare,on_time,correct,not_applicable,app,0,0
NYK101948,metro,haircare,on_time,correct,not_applicable,app,0,0
NYK101949,tier3,haircare,on_time,correct,not_applicable,call,0,0
NYK101950,tier3,makeup,delayed,correct,replaced,app,0,1
NYK101951,metro,wellness,on_time,correct,not_applicable,social,0,0
NYK101952,tier3,skincare,on_time,damaged,unresolved,app,1,0
NYK101953,tier3,makeup,not_delivered,correct,replaced,none,0,1
NYK101954,tier3,haircare,delayed,correct,denied,call,0,1
NYK101955,tier3,makeup,on_time,correct,not_applicable,email,0,0
NYK101956,tier2,skincare,on_time,correct,not_applicable,app,0,0
NYK101957,metro,makeup,on_time,correct,not_applicable,app,0,0
NYK101958,tier3,makeup,delayed,correct,replaced,call,0,1
NYK101959,tier2,wellness,on_time,correct,not_applicable,call,0,0
NYK101960,tier2,makeup,on_time,wrong_item,denied,email,1,0
NYK101961,tier2,skincare,on_time,correct,not_applicable,call,0,0
NYK101962,tier2,makeup,on_time,correct,not_applicable,app,0,0
NYK101963,metro,makeup,on_time,wrong_item,unresolved,none,1,0
NYK101964,tier2,skincare,on_time,correct,not_applicable,app,0,0
NYK101965,metro,makeup,on_time,correct,not_applicable,app,0,0
NYK101966,tier2,makeup,on_time,correct,not_applicable,call,0,0
NYK101967,tier3,skincare,on_time,correct,not_applicable,call,0,0
NYK101968,tier2,makeup,on_time,correct,not_applicable,call,0,0
NYK101969,tier2,makeup,on_time,correct,not_applicable,email,0,0
NYK101970,metro,haircare,on_time,correct,not_applicable,email,0,0
NYK101971,tier3,makeup,on_time,damaged,refunded,email,0,0
NYK101972,tier2,skincare,delayed,wrong_item,unresolved,app,1,1
NYK101973,metro,wellness,on_time,correct,not_applicable,app,0,0
NYK101974,metro,makeup,on_time,damaged,replaced,social,0,0
NYK101975,metro,skincare,on_time,correct,not_applicable,app,0,0
NYK101976,tier2,haircare,on_time,correct,not_applicable,call,0,0
NYK101977,tier3,skincare,on_time,correct,not_applicable,call,0,0
NYK101978,tier2,haircare,on_time,wrong_item,denied,email,1,0
NYK101979,metro,haircare,delayed,wrong_item,replaced,app,0,1
NYK101980,tier3,wellness,on_time,correct,not_applicable,none,0,0
NYK101981,metro,wellness,on_time,correct,not_applicable,call,0,0
NYK101982,tier3,skincare,on_time,correct,not_applicable,none,0,0
NYK101983,metro,haircare,on_time,correct,not_applicable,app,0,0
NYK101984,tier2,skincare,on_time,correct,not_applicable,email,0,0
NYK101985,tier3,makeup,on_time,correct,not_applicable,call,0,0
NYK101986,metro,makeup,on_time,correct,not_applicable,social,0,0
NYK101987,tier2,skincare,on_time,correct,not_applicable,call,0,0
NYK101988,tier3,skincare,delayed,correct,refunded,none,0,1
NYK101989,metro,skincare,on_time,correct,not_applicable,social,0,0
NYK101990,metro,skincare,delayed,correct,refunded,email,0,1
NYK101991,tier2,skincare,on_time,correct,not_applicable,app,0,0
NYK101992,metro,wellness,on_time,correct,not_applicable,app,0,0
NYK101993,metro,makeup,on_time,correct,not_applicable,none,0,0
NYK101994,tier2,haircare,on_time,correct,not_applicable,none,0,0
NYK101995,tier3,haircare,delayed,correct,unresolved,app,0,1
NYK101996,metro,haircare,on_time,wrong_item,denied,app,1,0
NYK101997,metro,makeup,on_time,correct,not_applicable,app,0,0
NYK101998,tier3,haircare,delayed,correct,unresolved,app,0,1
NYK101999,tier2,haircare,on_time,correct,not_applicable,app,0,0
NYK102000,tier3,haircare,on_time,correct,not_applicable,social,0,0
NYK102001,tier2,wellness,on_time,correct,not_applicable,app,0,0
NYK102002,tier3,makeup,on_time,correct,not_applicable,none,0,0
NYK102003,tier2,makeup,not_delivered,damaged,refunded,none,0,1
NYK102004,metro,haircare,on_time,correct,not_applicable,app,0,0
NYK102005,tier3,makeup,on_time,correct,not_applicable,call,0,0
NYK102006,tier2,haircare,on_time,correct,not_applicable,call,0,0
NYK102007,metro,skincare,delayed,correct,refunded,app,0,1
NYK102008,metro,skincare,on_time,correct,not_applicable,email,0,0
NYK102009,tier2,makeup,on_time,correct,not_applicable,email,0,0
NYK102010,metro,skincare,delayed,correct,refunded,app,0,1
NYK102011,metro,wellness,on_time,correct,not_applicable,none,0,0
NYK102012,metro,skincare,delayed,damaged,refunded,call,0,1
NYK102013,tier2,haircare,on_time,correct,not_applicable,app,0,0
NYK102014,tier2,skincare,on_time,correct,not_applicable,none,0,0
NYK102015,tier2,wellness,on_time,correct,not_applicable,app,0,0
NYK102016,metro,makeup,not_delivered,correct,replaced,app,0,1
NYK102017,metro,skincare,delayed,correct,unresolved,app,0,1
NYK102018,tier2,skincare,on_time,correct,not_applicable,call,0,0
NYK102019,metro,makeup,on_time,correct,not_applicable,call,0,0
NYK102020,tier2,wellness,on_time,correct,not_applicable,email,0,0
NYK102021,metro,wellness,on_time,correct,not_applicable,call,0,0
NYK102022,metro,skincare,on_time,correct,not_applicable,email,0,0
NYK102023,metro,makeup,on_time,correct,not_applicable,app,0,0
NYK102024,tier2,skincare,on_time,correct,not_applicable,call,0,0
NYK102025,metro,makeup,on_time,correct,not_applicable,none,0,0
NYK102026,tier3,makeup,delayed,wrong_item,unresolved,social,1,1
NYK102027,metro,skincare,on_time,correct,not_applicable,email,0,0
NYK102028,tier2,makeup,on_time,correct,not_applicable,call,0,0
NYK102029,tier2,haircare,on_time,correct,not_applicable,call,0,0
NYK102030,metro,skincare,on_time,correct,not_applicable,social,0,0
NYK102031,tier2,skincare,on_time,correct,not_applicable,none,0,0
NYK102032,metro,skincare,on_time,correct,not_applicable,email,0,0
NYK102033,tier2,skincare,on_time,correct,not_applicable,call,0,0
NYK102034,metro,skincare,on_time,correct,not_applicable,app,0,0
NYK102035,tier3,makeup,delayed,correct,replaced,app,0,1
NYK102036,tier3,skincare,on_time,damaged,refunded,app,0,0
NYK102037,metro,haircare,on_time,correct,not_applicable,call,0,0
NYK102038,tier2,haircare,on_time,correct,not_applicable,app,0,0
NYK102039,tier3,wellness,on_time,correct,not_applicable,call,0,0
NYK102040,metro,haircare,on_time,correct,not_applicable,email,0,0
NYK102041,tier3,skincare,delayed,correct,denied,email,0,1
NYK102042,tier2,skincare,delayed,correct,denied,email,0,1
NYK102043,tier3,skincare,on_time,correct,not_applicable,app,0,0
NYK102044,tier3,wellness,on_time,correct,not_applicable,call,0,0
NYK102045,metro,wellness,on_time,damaged,denied,none,1,0
NYK102046,tier2,makeup,on_time,correct,not_applicable,call,0,0
NYK102047,tier2,skincare,on_time,correct,not_applicable,none,0,0
NYK102048,metro,makeup,on_time,correct,not_applicable,call,0,0
NYK102049,metro,skincare,on_time,correct,not_applicable,email,0,0
NYK102050,tier3,wellness,on_time,correct,not_applicable,call,0,0
NYK102051,metro,skincare,on_time,correct,not_applicable,email,0,0
NYK102052,tier2,makeup,on_time,correct,not_applicable,none,0,0
NYK102053,tier3,makeup,on_time,correct,not_applicable,call,0,0
NYK102054,metro,skincare,delayed,correct,replaced,social,0,1
NYK102055,tier2,makeup,on_time,correct,not_applicable,none,0,0
NYK102056,tier3,haircare,on_time,correct,not_applicable,social,0,0
NYK102057,tier2,skincare,delayed,wrong_item,refunded,app,0,1
NYK102058,metro,makeup,on_time,correct,not_applicable,app,0,0
NYK102059,metro,makeup,on_time,correct,not_applicable,none,0,0
NYK102060,tier3,skincare,on_time,damaged,refunded,email,0,0
NYK102061,metro,skincare,on_time,correct,not_applicable,none,0,0
NYK102062,tier2,skincare,on_time,correct,not_applicable,app,0,0
NYK102063,metro,skincare,on_time,correct,not_applicable,social,0,0
NYK102064,tier2,makeup,on_time,wrong_item,unresolved,social,1,0
NYK102065,tier3,haircare,on_time,correct,not_applicable,none,0,0
NYK102066,tier2,haircare,on_time,correct,not_applicable,email,0,0
NYK102067,tier3,wellness,delayed,correct,denied,app,0,1
NYK102068,metro,makeup,on_time,correct,not_applicable,email,0,0
NYK102069,tier2,haircare,on_time,correct,not_applicable,email,0,0
NYK102070,tier3,haircare,delayed,damaged,unresolved,call,1,1
NYK102071,tier2,skincare,on_time,correct,not_applicable,app,0,0
NYK102072,metro,skincare,on_time,correct,not_applicable,none,0,0
NYK102073,tier3,makeup,on_time,correct,not_applicable,app,0,0
NYK102074,metro,haircare,on_time,correct,not_applicable,call,0,0
NYK102075,tier2,makeup,not_delivered,correct,refunded,email,0,1
NYK102076,tier3,skincare,on_time,correct,not_applicable,none,0,0
NYK102077,metro,wellness,not_delivered,correct,replaced,email,0,1
NYK102078,metro,skincare,on_time,correct,not_applicable,call,0,0
NYK102079,metro,wellness,on_time,correct,not_applicable,app,0,0
NYK102080,metro,haircare,delayed,correct,refunded,call,0,1
NYK102081,metro,haircare,delayed,correct,unresolved,app,0,1
NYK102082,tier2,haircare,on_time,correct,not_applicable,social,0,0
NYK102083,metro,skincare,on_time,wrong_item,refunded,call,0,0
NYK102084,tier2,makeup,delayed,wrong_item,denied,app,1,1
NYK102085,metro,haircare,on_time,correct,not_applicable,none,0,0
NYK102086,metro,haircare,on_time,correct,not_applicable,app,0,0
NYK102087,metro,skincare,on_time,correct,not_applicable,app,0,0
NYK102088,tier2,skincare,on_time,correct,not_applicable,call,0,0
NYK102089,tier2,skincare,on_time,correct,not_applicable,app,0,0
NYK102090,metro,makeup,on_time,correct,not_applicable,app,0,0
NYK102091,tier3,makeup,on_time,wrong_item,refunded,none,0,0
NYK102092,tier2,haircare,on_time,correct,not_applicable,social,0,0
NYK102093,metro,haircare,on_time,correct,not_applicable,social,0,0
NYK102094,tier3,haircare,on_time,correct,not_applicable,email,0,0
NYK102095,metro,skincare,on_time,correct,not_applicable,app,0,0
NYK102096,metro,makeup,on_time,correct,not_applicable,social,0,0
NYK102097,tier2,skincare,on_time,correct,not_applicable,call,0,0
NYK102098,metro,skincare,on_time,correct,not_applicable,app,0,0
NYK102099,metro,skincare,on_time,damaged,refunded,call,0,0
NYK102100,tier2,skincare,on_time,correct,not_applicable,call,0,0
NYK102101,metro,skincare,on_time,correct,not_applicable,app,0,0
NYK102102,tier3,makeup,on_time,correct,not_applicable,app,0,0
NYK102103,tier3,skincare,on_time,damaged,refunded,call,0,0
NYK102104,tier2,skincare,on_time,correct,not_applicable,call,0,0
NYK102105,tier2,skincare,on_time,correct,not_applicable,app,0,0
NYK102106,tier2,makeup,on_time,correct,not_applicable,email,0,0
NYK102107,tier3,makeup,on_time,correct,not_applicable,app,0,0
NYK102108,metro,skincare,on_time,correct,not_applicable,email,0,0
NYK102109,metro,skincare,on_time,correct,not_applicable,app,0,0
NYK102110,tier2,wellness,on_time,correct,not_applicable,call,0,0
NYK102111,tier2,makeup,on_time,correct,not_applicable,email,0,0
NYK102112,metro,haircare,on_time,correct,not_applicable,email,0,0
NYK102113,tier2,makeup,on_time,correct,not_applicable,app,0,0
NYK102114,metro,haircare,on_time,correct,not_applicable,call,0,0
NYK102115,tier3,haircare,on_time,correct,not_applicable,social,0,0
NYK102116,metro,makeup,on_time,correct,not_applicable,app,0,0
NYK102117,metro,haircare,on_time,correct,not_applicable,call,0,0
NYK102118,metro,skincare,on_time,damaged,replaced,call,0,0
NYK102119,metro,haircare,on_time,correct,not_applicable,social,0,0
NYK102120,metro,makeup,on_time,correct,not_applicable,call,0,0
NYK102121,metro,skincare,on_time,correct,not_applicable,none,0,0
NYK102122,metro,wellness,on_time,correct,not_applicable,email,0,0
NYK102123,metro,haircare,delayed,damaged,denied,email,1,1
NYK102124,metro,skincare,not_delivered,correct,unresolved,app,0,1
NYK102125,metro,wellness,on_time,wrong_item,denied,email,1,0
NYK102126,metro,skincare,on_time,correct,not_applicable,app,0,0
NYK102127,metro,makeup,on_time,correct,not_applicable,call,0,0
NYK102128,metro,haircare,on_time,correct,not_applicable,app,0,0
NYK102129,metro,skincare,delayed,correct,replaced,email,0,1
NYK102130,metro,makeup,on_time,wrong_item,denied,social,1,0
NYK102131,tier3,haircare,on_time,correct,not_applicable,none,0,0
NYK102132,tier3,skincare,on_time,wrong_item,refunded,app,0,0
NYK102133,tier3,makeup,delayed,correct,denied,none,0,1
NYK102134,tier2,skincare,delayed,correct,denied,social,0,1
NYK102135,tier2,haircare,on_time,wrong_item,replaced,none,0,0
NYK102136,metro,skincare,on_time,correct,not_applicable,email,0,0
NYK102137,tier3,skincare,delayed,correct,refunded,app,0,1
NYK102138,tier3,haircare,delayed,correct,refunded,none,0,1
NYK102139,tier3,skincare,delayed,correct,replaced,email,0,1
NYK102140,tier3,makeup,on_time,correct,not_applicable,email,0,0
NYK102141,tier2,haircare,on_time,correct,not_applicable,app,0,0
NYK102142,tier3,haircare,delayed,correct,unresolved,app,0,1
NYK102143,tier3,skincare,on_time,correct,not_applicable,app,0,0
NYK102144,metro,haircare,on_time,correct,not_applicable,call,0,0
NYK102145,tier3,haircare,on_time,wrong_item,denied,call,1,0
NYK102146,metro,skincare,on_time,correct,not_applicable,none,0,0
NYK102147,tier3,haircare,delayed,correct,replaced,app,0,1
NYK102148,tier3,haircare,on_time,correct,not_applicable,app,0,0
NYK102149,metro,makeup,on_time,correct,not_applicable,call,0,0
NYK102150,tier2,makeup,on_time,correct,not_applicable,app,0,0
NYK102151,metro,haircare,delayed,correct,replaced,call,0,1
NYK102152,tier3,wellness,delayed,correct,denied,email,0,1
NYK102153,tier3,makeup,on_time,correct,not_applicable,none,0,0
NYK102154,tier2,haircare,on_time,damaged,refunded,app,0,0
NYK102155,tier3,haircare,on_time,correct,not_applicable,app,0,0
NYK102156,metro,haircare,on_time,correct,not_applicable,social,0,0
NYK102157,metro,wellness,on_time,wrong_item,refunded,app,0,0
NYK102158,tier2,skincare,on_time,damaged,denied,email,1,0
NYK102159,metro,skincare,not_delivered,correct,refunded,email,0,1
NYK102160,tier2,makeup,on_time,correct,not_applicable,none,0,0
NYK102161,metro,makeup,on_time,correct,not_applicable,app,0,0
NYK102162,metro,makeup,on_time,correct,not_applicable,none,0,0
NYK102163,tier2,haircare,on_time,correct,not_applicable,none,0,0
NYK102164,tier3,wellness,on_time,correct,not_applicable,app,0,0
NYK102165,metro,makeup,on_time,correct,not_applicable,call,0,0
NYK102166,tier3,haircare,on_time,correct,not_applicable,call,0,0
NYK102167,tier2,skincare,not_delivered,correct,refunded,app,0,1
NYK102168,metro,makeup,on_time,correct,not_applicable,none,0,0
NYK102169,tier2,skincare,on_time,correct,not_applicable,app,0,0
NYK102170,tier2,makeup,on_time,correct,not_applicable,app,0,0
NYK102171,metro,makeup,on_time,correct,not_applicable,app,0,0
NYK102172,tier2,haircare,on_time,correct,not_applicable,email,0,0
NYK102173,metro,makeup,on_time,correct,not_applicable,none,0,0
NYK102174,metro,makeup,delayed,correct,replaced,email,0,1
NYK102175,tier2,skincare,on_time,correct,not_applicable,email,0,0
NYK102176,tier2,skincare,on_time,correct,not_applicable,app,0,0
NYK102177,tier3,wellness,delayed,correct,refunded,email,0,1
NYK102178,metro,wellness,on_time,correct,not_applicable,call,0,0
NYK102179,tier3,skincare,on_time,correct,not_applicable,call,0,0
NYK102180,tier3,skincare,on_time,correct,not_applicable,email,0,0
NYK102181,tier3,makeup,delayed,correct,unresolved,none,0,1
NYK102182,tier3,haircare,delayed,correct,denied,email,0,1
NYK102183,metro,makeup,on_time,correct,not_applicable,email,0,0
NYK102184,tier2,skincare,on_time,correct,not_applicable,call,0,0
NYK102185,metro,makeup,on_time,correct,not_applicable,app,0,0
NYK102186,tier3,skincare,on_time,correct,not_applicable,call,0,0
NYK102187,tier2,skincare,on_time,damaged,unresolved,email,1,0
NYK102188,metro,skincare,on_time,correct,not_applicable,email,0,0
NYK102189,tier3,haircare,on_time,correct,not_applicable,email,0,0
NYK102190,metro,makeup,on_time,correct,not_applicable,call,0,0
NYK102191,tier2,skincare,on_time,correct,not_applicable,app,0,0
NYK102192,tier2,makeup,on_time,correct,not_applicable,app,0,0
NYK102193,metro,makeup,on_time,correct,not_applicable,email,0,0
NYK102194,tier2,haircare,on_time,correct,not_applicable,none,0,0
NYK102195,tier3,wellness,on_time,correct,not_applicable,call,0,0
NYK102196,metro,skincare,on_time,correct,not_applicable,email,0,0
NYK102197,tier2,haircare,on_time,correct,not_applicable,email,0,0
NYK102198,metro,haircare,on_time,correct,not_applicable,app,0,0
NYK102199,tier2,haircare,on_time,wrong_item,unresolved,app,1,0
NYK102200,metro,makeup,on_time,wrong_item,refunded,app,0,0
NYK102201,tier3,skincare,delayed,correct,replaced,none,0,1
NYK102202,tier3,skincare,on_time,correct,not_applicable,app,0,0
NYK102203,metro,wellness,delayed,correct,denied,call,0,1
NYK102204,metro,makeup,on_time,correct,not_applicable,call,0,0
NYK102205,tier2,makeup,on_time,correct,not_applicable,email,0,0
NYK102206,tier2,makeup,on_time,wrong_item,refunded,app,0,0
NYK102207,tier2,skincare,on_time,correct,not_applicable,none,0,0
NYK102208,metro,skincare,on_time,correct,not_applicable,call,0,0
NYK102209,metro,makeup,on_time,correct,not_applicable,none,0,0
NYK102210,tier3,makeup,delayed,correct,unresolved,email,0,1
NYK102211,tier2,haircare,on_time,correct,not_applicable,call,0,0
NYK102212,tier3,haircare,on_time,correct,not_applicable,email,0,0
NYK102213,tier2,makeup,delayed,wrong_item,refunded,email,0,1
NYK102214,tier3,haircare,on_time,correct,not_applicable,app,0,0
NYK102215,metro,skincare,on_time,correct,not_applicable,email,0,0
NYK102216,metro,haircare,on_time,correct,not_applicable,email,0,0
NYK102217,tier3,haircare,on_time,correct,not_applicable,email,0,0
NYK102218,tier3,skincare,not_delivered,correct,replaced,email,0,1
NYK102219,metro,skincare,on_time,correct,not_applicable,email,0,0
NYK102220,metro,skincare,on_time,correct,not_applicable,call,0,0
NYK102221,tier2,skincare,on_time,correct,not_applicable,call,0,0
NYK102222,tier2,makeup,on_time,correct,not_applicable,app,0,0
NYK102223,metro,skincare,on_time,correct,not_applicable,email,0,0
NYK102224,tier3,haircare,on_time,correct,not_applicable,app,0,0
NYK102225,metro,skincare,on_time,correct,not_applicable,app,0,0
NYK102226,tier2,skincare,on_time,correct,not_applicable,social,0,0
NYK102227,metro,skincare,on_time,correct,not_applicable,app,0,0
NYK102228,metro,skincare,delayed,wrong_item,denied,app,1,1
NYK102229,tier2,wellness,on_time,correct,not_applicable,social,0,0
NYK102230,metro,skincare,on_time,correct,not_applicable,email,0,0
NYK102231,tier2,skincare,delayed,wrong_item,unresolved,social,1,1
NYK102232,metro,skincare,on_time,correct,not_applicable,call,0,0
NYK102233,tier3,makeup,on_time,correct,not_applicable,email,0,0
NYK102234,tier2,makeup,delayed,correct,denied,none,0,1
NYK102235,tier3,haircare,delayed,correct,replaced,app,0,1
NYK102236,metro,makeup,on_time,correct,not_applicable,app,0,0
NYK102237,metro,makeup,on_time,correct,not_applicable,app,0,0
NYK102238,metro,makeup,delayed,correct,refunded,none,0,1
NYK102239,tier2,haircare,on_time,correct,not_applicable,app,0,0
NYK102240,metro,makeup,on_time,correct,not_applicable,call,0,0
NYK102241,metro,skincare,on_time,correct,not_applicable,call,0,0
NYK102242,metro,haircare,on_time,correct,not_applicable,none,0,0
NYK102243,metro,haircare,on_time,correct,not_applicable,call,0,0
NYK102244,metro,makeup,on_time,correct,not_applicable,call,0,0
NYK102245,metro,wellness,on_time,correct,not_applicable,none,0,0
NYK102246,metro,haircare,on_time,correct,not_applicable,app,0,0
NYK102247,tier2,skincare,on_time,correct,not_applicable,email,0,0
NYK102248,metro,haircare,on_time,correct,not_applicable,app,0,0
NYK102249,metro,makeup,on_time,correct,not_applicable,app,0,0
NYK102250,tier2,makeup,on_time,correct,not_applicable,app,0,0
NYK102251,tier3,makeup,on_time,correct,not_applicable,call,0,0
NYK102252,metro,haircare,on_time,damaged,replaced,app,0,0
NYK102253,tier2,makeup,on_time,correct,not_applicable,social,0,0
NYK102254,tier3,makeup,on_time,correct,not_applicable,call,0,0
NYK102255,tier2,skincare,delayed,correct,denied,call,0,1
NYK102256,tier3,makeup,delayed,correct,replaced,email,0,1
NYK102257,tier3,wellness,on_time,correct,not_applicable,none,0,0
NYK102258,metro,haircare,on_time,correct,not_applicable,call,0,0
NYK102259,tier2,skincare,on_time,correct,not_applicable,app,0,0
NYK102260,tier2,haircare,on_time,correct,not_applicable,app,0,0
NYK102261,tier3,haircare,on_time,correct,not_applicable,none,0,0
NYK102262,tier2,makeup,on_time,correct,not_applicable,social,0,0
NYK102263,metro,skincare,on_time,correct,not_applicable,call,0,0
NYK102264,tier2,makeup,on_time,correct,not_applicable,app,0,0
NYK102265,metro,skincare,on_time,correct,not_applicable,call,0,0
NYK102266,tier3,skincare,on_time,correct,not_applicable,email,0,0
NYK102267,tier2,makeup,on_time,correct,not_applicable,call,0,0
NYK102268,tier2,wellness,on_time,correct,not_applicable,app,0,0
NYK102269,tier3,makeup,on_time,correct,not_applicable,call,0,0
NYK102270,tier2,haircare,delayed,correct,denied,email,0,1
NYK102271,tier2,wellness,on_time,correct,not_applicable,none,0,0
NYK102272,tier3,skincare,on_time,correct,not_applicable,app,0,0
NYK102273,tier3,skincare,on_time,correct,not_applicable,none,0,0
NYK102274,tier3,haircare,delayed,correct,refunded,call,0,1
NYK102275,metro,haircare,on_time,correct,not_applicable,email,0,0
NYK102276,tier2,makeup,delayed,wrong_item,refunded,none,0,1
NYK102277,metro,haircare,on_time,correct,not_applicable,email,0,0
NYK102278,tier3,makeup,on_time,correct,not_applicable,app,0,0
NYK102279,tier2,haircare,on_time,correct,not_applicable,app,0,0
NYK102280,tier2,haircare,on_time,correct,not_applicable,social,0,0
NYK102281,metro,skincare,delayed,wrong_item,unresolved,email,1,1
NYK102282,metro,skincare,delayed,damaged,refunded,call,0,1
NYK102283,tier2,skincare,on_time,correct,not_applicable,email,0,0
NYK102284,metro,wellness,on_time,wrong_item,denied,app,1,0
NYK102285,metro,wellness,on_time,correct,not_applicable,app,0,0
NYK102286,tier3,haircare,on_time,correct,not_applicable,social,0,0
NYK102287,tier3,skincare,delayed,correct,replaced,call,0,1
NYK102288,metro,makeup,delayed,correct,unresolved,app,0,1
NYK102289,metro,skincare,on_time,correct,not_applicable,call,0,0
NYK102290,tier3,makeup,on_time,correct,not_applicable,none,0,0
NYK102291,tier2,skincare,on_time,correct,not_applicable,app,0,0
NYK102292,tier2,haircare,on_time,damaged,refunded,app,0,0
NYK102293,metro,skincare,on_time,correct,not_applicable,call,0,0
NYK102294,metro,makeup,on_time,correct,not_applicable,app,0,0
NYK102295,metro,wellness,on_time,wrong_item,refunded,app,0,0
NYK102296,tier2,haircare,not_delivered,correct,unresolved,app,0,1
NYK102297,metro,skincare,on_time,correct,not_applicable,app,0,0
NYK102298,metro,wellness,on_time,correct,not_applicable,email,0,0
NYK102299,tier2,makeup,on_time,correct,not_applicable,app,0,0
NYK102300,tier3,makeup,on_time,correct,not_applicable,call,0,0
NYK102301,tier3,haircare,on_time,correct,not_applicable,email,0,0
NYK102302,tier2,haircare,delayed,correct,denied,app,0,1
NYK102303,tier2,makeup,on_time,correct,not_applicable,app,0,0
NYK102304,tier2,makeup,on_time,correct,not_applicable,none,0,0
NYK102305,metro,makeup,on_time,wrong_item,replaced,email,0,0
NYK102306,tier2,skincare,on_time,correct,not_applicable,email,0,0
NYK102307,tier2,haircare,delayed,damaged,replaced,call,0,1
NYK102308,tier2,skincare,on_time,correct,not_applicable,none,0,0
NYK102309,tier3,makeup,on_time,wrong_item,replaced,app,0,0
NYK102310,tier3,makeup,delayed,correct,unresolved,app,0,1
NYK102311,metro,skincare,on_time,correct,not_applicable,social,0,0
NYK102312,metro,makeup,on_time,correct,not_applicable,app,0,0
NYK102313,metro,makeup,on_time,wrong_item,denied,email,1,0
NYK102314,metro,skincare,on_time,correct,not_applicable,app,0,0
NYK102315,metro,skincare,on_time,wrong_item,unresolved,call,1,0
NYK102316,metro,haircare,on_time,correct,not_applicable,email,0,0
NYK102317,tier3,wellness,on_time,correct,not_applicable,call,0,0
NYK102318,tier2,makeup,on_time,correct,not_applicable,email,0,0
NYK102319,tier3,skincare,delayed,damaged,unresolved,app,1,1
NYK102320,metro,skincare,on_time,correct,not_applicable,app,0,0
NYK102321,metro,skincare,on_time,correct,not_applicable,email,0,0
NYK102322,tier2,makeup,on_time,damaged,replaced,app,0,0
NYK102323,metro,wellness,on_time,correct,not_applicable,email,0,0
NYK102324,metro,haircare,on_time,correct,not_applicable,call,0,0
NYK102325,tier3,skincare,on_time,correct,not_applicable,call,0,0
NYK102326,metro,wellness,on_time,correct,not_applicable,call,0,0
NYK102327,metro,makeup,on_time,correct,not_applicable,social,0,0
NYK102328,tier2,skincare,on_time,correct,not_applicable,call,0,0
NYK102329,tier2,makeup,on_time,correct,not_applicable,app,0,0
NYK102330,tier2,skincare,on_time,correct,not_applicable,none,0,0
NYK102331,metro,haircare,on_time,correct,not_applicable,app,0,0
NYK102332,tier3,makeup,on_time,correct,not_applicable,social,0,0
NYK102333,metro,haircare,on_time,correct,not_applicable,app,0,0
NYK102334,tier2,makeup,on_time,correct,not_applicable,call,0,0
NYK102335,tier2,wellness,on_time,correct,not_applicable,call,0,0
NYK102336,tier3,makeup,on_time,wrong_item,denied,app,1,0
NYK102337,metro,makeup,on_time,correct,not_applicable,email,0,0
NYK102338,tier2,skincare,on_time,correct,not_applicable,app,0,0
NYK102339,metro,wellness,on_time,correct,not_applicable,call,0,0
NYK102340,metro,makeup,on_time,correct,not_applicable,social,0,0
NYK102341,metro,skincare,delayed,correct,denied,email,0,1
NYK102342,tier2,haircare,on_time,correct,not_applicable,call,0,0
NYK102343,metro,skincare,delayed,correct,denied,call,0,1
NYK102344,tier2,skincare,delayed,correct,denied,app,0,1
NYK102345,metro,makeup,on_time,correct,not_applicable,none,0,0
NYK102346,tier3,skincare,on_time,correct,not_applicable,email,0,0
NYK102347,tier3,makeup,on_time,correct,not_applicable,email,0,0
NYK102348,metro,skincare,delayed,correct,refunded,call,0,1
NYK102349,metro,skincare,on_time,correct,not_applicable,call,0,0
NYK102350,metro,skincare,delayed,correct,unresolved,app,0,1
NYK102351,tier3,skincare,on_time,correct,not_applicable,app,0,0
NYK102352,metro,wellness,on_time,correct,not_applicable,call,0,0
NYK102353,tier2,makeup,on_time,correct,not_applicable,app,0,0
NYK102354,tier2,makeup,on_time,correct,not_applicable,app,0,0
NYK102355,tier3,makeup,on_time,damaged,denied,call,1,0
NYK102356,tier2,haircare,delayed,correct,unresolved,call,0,1
NYK102357,tier2,skincare,on_time,correct,not_applicable,call,0,0
NYK102358,tier3,skincare,delayed,correct,replaced,social,0,1
NYK102359,metro,haircare,not_delivered,correct,replaced,email,0,1
NYK102360,tier3,makeup,on_time,wrong_item,denied,app,1,0
NYK102361,metro,haircare,on_time,correct,not_applicable,social,0,0
NYK102362,tier2,haircare,on_time,correct,not_applicable,call,0,0
NYK102363,tier3,haircare,on_time,correct,not_applicable,call,0,0
NYK102364,tier2,skincare,not_delivered,correct,denied,none,0,1
NYK102365,tier2,skincare,delayed,correct,refunded,app,0,1
NYK102366,metro,skincare,delayed,wrong_item,replaced,email,0,1
NYK102367,tier2,haircare,on_time,correct,not_applicable,app,0,0
NYK102368,metro,wellness,on_time,correct,not_applicable,app,0,0
NYK102369,tier2,wellness,on_time,correct,not_applicable,call,0,0
NYK102370,tier2,skincare,delayed,correct,denied,app,0,1
NYK102371,metro,haircare,on_time,correct,not_applicable,app,0,0
NYK102372,metro,makeup,on_time,correct,not_applicable,call,0,0
NYK102373,metro,haircare,on_time,correct,not_applicable,call,0,0
NYK102374,metro,makeup,on_time,correct,not_applicable,call,0,0
NYK102375,metro,skincare,on_time,correct,not_applicable,app,0,0
NYK102376,tier3,skincare,on_time,wrong_item,unresolved,call,1,0
NYK102377,tier2,wellness,delayed,correct,refunded,call,0,1
NYK102378,metro,makeup,on_time,correct,not_applicable,call,0,0
NYK102379,tier2,makeup,on_time,correct,not_applicable,email,0,0
NYK102380,tier3,makeup,delayed,wrong_item,refunded,none,0,1
NYK102381,metro,makeup,on_time,correct,not_applicable,app,0,0
NYK102382,metro,wellness,on_time,wrong_item,replaced,call,0,0
NYK102383,metro,skincare,on_time,correct,not_applicable,none,0,0
NYK102384,metro,skincare,on_time,correct,not_applicable,email,0,0
NYK102385,tier3,haircare,on_time,correct,not_applicable,none,0,0
NYK102386,tier3,makeup,on_time,correct,not_applicable,email,0,0
NYK102387,metro,skincare,on_time,correct,not_applicable,email,0,0
NYK102388,tier2,skincare,on_time,correct,not_applicable,app,0,0
NYK102389,metro,skincare,on_time,damaged,refunded,app,0,0
NYK102390,tier2,skincare,on_time,correct,not_applicable,email,0,0
NYK102391,tier3,skincare,on_time,correct,not_applicable,call,0,0
NYK102392,metro,skincare,on_time,correct,not_applicable,social,0,0
NYK102393,metro,haircare,on_time,correct,not_applicable,none,0,0
NYK102394,tier2,haircare,on_time,correct,not_applicable,app,0,0
NYK102395,tier3,haircare,on_time,wrong_item,refunded,call,0,0
NYK102396,metro,makeup,on_time,correct,not_applicable,none,0,0
NYK102397,metro,skincare,on_time,correct,not_applicable,social,0,0
NYK102398,metro,wellness,on_time,correct,not_applicable,social,0,0
NYK102399,tier2,haircare,on_time,correct,not_applicable,email,0,0
NYK102400,tier2,makeup,on_time,correct,not_applicable,none,0,0
NYK102401,tier3,skincare,delayed,correct,replaced,call,0,1
NYK102402,tier3,skincare,on_time,correct,not_applicable,app,0,0
NYK102403,tier3,makeup,on_time,correct,not_applicable,app,0,0
NYK102404,tier3,makeup,delayed,correct,denied,call,0,1
NYK102405,metro,skincare,on_time,correct,not_applicable,social,0,0
NYK102406,tier2,wellness,on_time,correct,not_applicable,call,0,0
NYK102407,metro,makeup,on_time,correct,not_applicable,email,0,0
NYK102408,metro,makeup,on_time,wrong_item,replaced,call,0,0
NYK102409,tier3,skincare,on_time,correct,not_applicable,email,0,0
NYK102410,tier2,haircare,on_time,correct,not_applicable,app,0,0
NYK102411,tier3,haircare,delayed,damaged,replaced,call,0,1
NYK102412,tier2,skincare,delayed,correct,unresolved,app,0,1
NYK102413,tier2,makeup,delayed,correct,replaced,call,0,1
NYK102414,tier2,haircare,on_time,correct,not_applicable,call,0,0
NYK102415,metro,haircare,delayed,correct,denied,email,0,1
NYK102416,metro,skincare,delayed,correct,refunded,call,0,1
NYK102417,tier2,haircare,on_time,correct,not_applicable,none,0,0
NYK102418,metro,makeup,on_time,correct,not_applicable,none,0,0
NYK102419,tier3,skincare,on_time,correct,not_applicable,app,0,0
NYK102420,metro,skincare,on_time,correct,not_applicable,app,0,0
NYK102421,metro,skincare,on_time,correct,not_applicable,app,0,0
NYK102422,tier3,skincare,on_time,correct,not_applicable,app,0,0
NYK102423,metro,makeup,on_time,correct,not_applicable,app,0,0
NYK102424,tier3,haircare,on_time,wrong_item,denied,none,1,0
NYK102425,tier2,skincare,on_time,wrong_item,denied,none,1,0
NYK102426,metro,wellness,on_time,correct,not_applicable,app,0,0
NYK102427,tier2,skincare,delayed,correct,refunded,social,0,1
NYK102428,tier2,makeup,not_delivered,correct,denied,social,0,1
NYK102429,tier3,wellness,on_time,correct,not_applicable,call,0,0
NYK102430,tier3,haircare,on_time,correct,not_applicable,none,0,0
NYK102431,tier2,makeup,delayed,correct,denied,none,0,1
NYK102432,tier2,haircare,on_time,correct,not_applicable,none,0,0
NYK102433,metro,skincare,not_delivered,correct,replaced,email,0,1
NYK102434,tier2,skincare,on_time,correct,not_applicable,call,0,0
NYK102435,tier3,makeup,on_time,correct,not_applicable,app,0,0
NYK102436,tier2,skincare,on_time,correct,not_applicable,none,0,0
NYK102437,tier2,makeup,on_time,correct,not_applicable,app,0,0
NYK102438,tier2,skincare,on_time,correct,not_applicable,call,0,0
NYK102439,tier3,wellness,on_time,correct,not_applicable,app,0,0
NYK102440,tier3,haircare,delayed,correct,denied,call,0,1
NYK102441,metro,haircare,on_time,correct,not_applicable,app,0,0
NYK102442,metro,haircare,on_time,correct,not_applicable,social,0,0
NYK102443,tier2,skincare,on_time,correct,not_applicable,call,0,0
NYK102444,tier2,skincare,on_time,correct,not_applicable,call,0,0
NYK102445,tier2,haircare,on_time,correct,not_applicable,call,0,0
NYK102446,metro,makeup,on_time,correct,not_applicable,email,0,0
NYK102447,tier2,makeup,on_time,correct,not_applicable,social,0,0
NYK102448,tier2,makeup,delayed,correct,refunded,none,0,1
NYK102449,tier2,makeup,on_time,correct,not_applicable,social,0,0
NYK102450,tier2,skincare,on_time,correct,not_applicable,call,0,0
NYK102451,tier2,skincare,delayed,correct,replaced,social,0,1
NYK102452,tier2,makeup,on_time,wrong_item,unresolved,call,1,0
NYK102453,tier3,makeup,delayed,correct,refunded,email,0,1
NYK102454,tier2,wellness,on_time,correct,not_applicable,email,0,0
NYK102455,tier2,makeup,delayed,wrong_item,refunded,call,0,1
NYK102456,tier2,haircare,on_time,correct,not_applicable,call,0,0
NYK102457,metro,haircare,on_time,correct,not_applicable,email,0,0
NYK102458,metro,skincare,on_time,correct,not_applicable,call,0,0
NYK102459,tier2,haircare,on_time,correct,not_applicable,email,0,0
NYK102460,tier3,makeup,delayed,correct,refunded,call,0,1
NYK102461,tier2,makeup,on_time,correct,not_applicable,email,0,0
NYK102462,metro,skincare,on_time,damaged,unresolved,social,1,0
NYK102463,tier2,wellness,on_time,correct,not_applicable,app,0,0
NYK102464,metro,wellness,on_time,correct,not_applicable,app,0,0
NYK102465,tier2,skincare,on_time,correct,not_applicable,email,0,0
NYK102466,tier3,skincare,on_time,correct,not_applicable,app,0,0
NYK102467,tier2,skincare,on_time,correct,not_applicable,app,0,0
NYK102468,tier2,haircare,on_time,correct,not_applicable,email,0,0
NYK102469,metro,makeup,on_time,correct,not_applicable,app,0,0
NYK102470,tier2,skincare,on_time,damaged,refunded,email,0,0
NYK102471,tier3,haircare,on_time,correct,not_applicable,app,0,0
NYK102472,tier2,makeup,on_time,correct,not_applicable,app,0,0
NYK102473,tier2,makeup,on_time,correct,not_applicable,call,0,0
NYK102474,metro,makeup,on_time,correct,not_applicable,none,0,0
NYK102475,metro,makeup,on_time,correct,not_applicable,call,0,0
NYK102476,metro,makeup,on_time,correct,not_applicable,call,0,0
NYK102477,metro,skincare,on_time,correct,not_applicable,call,0,0
NYK102478,metro,makeup,delayed,correct,refunded,email,0,1
NYK102479,tier3,wellness,on_time,correct,not_applicable,email,0,0
NYK102480,tier2,makeup,delayed,correct,denied,app,0,1
NYK102481,metro,wellness,on_time,correct,not_applicable,app,0,0
NYK102482,metro,makeup,on_time,correct,not_applicable,call,0,0
NYK102483,metro,haircare,on_time,correct,not_applicable,email,0,0
NYK102484,tier3,skincare,on_time,wrong_item,denied,social,1,0
NYK102485,metro,haircare,on_time,correct,not_applicable,email,0,0
NYK102486,tier3,skincare,on_time,correct,not_applicable,email,0,0
NYK102487,tier3,skincare,on_time,correct,not_applicable,call,0,0
NYK102488,metro,skincare,delayed,correct,replaced,email,0,1
NYK102489,tier2,skincare,on_time,correct,not_applicable,email,0,0
NYK102490,tier3,wellness,on_time,correct,not_applicable,app,0,0
NYK102491,tier2,wellness,on_time,correct,not_applicable,none,0,0
NYK102492,metro,haircare,on_time,correct,not_applicable,call,0,0
NYK102493,tier3,skincare,delayed,correct,unresolved,email,0,1
NYK102494,tier3,haircare,on_time,correct,not_applicable,email,0,0
NYK102495,tier2,haircare,delayed,correct,refunded,none,0,1
NYK102496,tier2,skincare,on_time,wrong_item,denied,app,1,0
NYK102497,metro,makeup,on_time,correct,not_applicable,none,0,0
NYK102498,tier3,haircare,on_time,correct,not_applicable,app,0,0
NYK102499,tier2,skincare,on_time,correct,not_applicable,app,0,0
NYK102500,metro,makeup,on_time,correct,not_applicable,none,0,0
NYK102501,tier2,haircare,on_time,damaged,denied,app,1,0
NYK102502,tier3,skincare,on_time,correct,not_applicable,email,0,0
NYK102503,tier3,makeup,delayed,correct,refunded,call,0,1
NYK102504,metro,makeup,on_time,correct,not_applicable,none,0,0
NYK102505,metro,haircare,on_time,correct,not_applicable,social,0,0
NYK102506,tier3,wellness,delayed,correct,unresolved,call,0,1
NYK102507,tier3,haircare,on_time,correct,not_applicable,social,0,0
NYK102508,tier2,makeup,delayed,correct,replaced,app,0,1
NYK102509,tier2,makeup,on_time,correct,not_applicable,email,0,0
NYK102510,tier2,makeup,on_time,correct,not_applicable,social,0,0
NYK102511,tier2,makeup,on_time,correct,not_applicable,email,0,0
NYK102512,metro,skincare,on_time,correct,not_applicable,email,0,0
NYK102513,metro,haircare,on_time,correct,not_applicable,social,0,0
NYK102514,metro,haircare,on_time,correct,not_applicable,email,0,0
NYK102515,tier3,makeup,delayed,correct,refunded,none,0,1
NYK102516,metro,haircare,on_time,correct,not_applicable,app,0,0
NYK102517,metro,haircare,on_time,correct,not_applicable,call,0,0
NYK102518,tier2,makeup,on_time,correct,not_applicable,social,0,0
NYK102519,metro,skincare,on_time,correct,not_applicable,call,0,0
NYK102520,metro,skincare,on_time,correct,not_applicable,call,0,0
NYK102521,tier2,makeup,on_time,correct,not_applicable,social,0,0
NYK102522,metro,makeup,delayed,correct,refunded,call,0,1
NYK102523,tier2,skincare,on_time,correct,not_applicable,app,0,0
NYK102524,tier3,skincare,on_time,correct,not_applicable,app,0,0
NYK102525,metro,skincare,on_time,correct,not_applicable,call,0,0
NYK102526,tier3,haircare,delayed,wrong_item,refunded,call,0,1
NYK102527,tier3,haircare,on_time,correct,not_applicable,app,0,0
NYK102528,tier3,makeup,on_time,correct,not_applicable,social,0,0
NYK102529,tier2,skincare,on_time,correct,not_applicable,app,0,0
NYK102530,tier2,skincare,on_time,correct,not_applicable,social,0,0
NYK102531,tier2,skincare,on_time,correct,not_applicable,none,0,0
NYK102532,tier2,makeup,on_time,correct,not_applicable,call,0,0
NYK102533,metro,skincare,on_time,correct,not_applicable,none,0,0
NYK102534,tier3,skincare,on_time,correct,not_applicable,app,0,0
NYK102535,tier2,wellness,delayed,correct,unresolved,email,0,1
NYK102536,tier3,makeup,on_time,correct,not_applicable,none,0,0
NYK102537,metro,haircare,on_time,correct,not_applicable,social,0,0
NYK102538,metro,skincare,on_time,correct,not_applicable,app,0,0
NYK102539,tier2,skincare,on_time,correct,not_applicable,app,0,0
NYK102540,tier2,wellness,on_time,wrong_item,refunded,app,0,0
NYK102541,tier2,makeup,on_time,correct,not_applicable,none,0,0
NYK102542,metro,makeup,on_time,correct,not_applicable,app,0,0
NYK102543,metro,wellness,on_time,correct,not_applicable,call,0,0
NYK102544,tier2,makeup,on_time,correct,not_applicable,call,0,0
NYK102545,metro,skincare,on_time,correct,not_applicable,call,0,0
NYK102546,tier3,makeup,delayed,correct,unresolved,call,0,1
NYK102547,metro,skincare,on_time,correct,not_applicable,call,0,0
NYK102548,metro,skincare,on_time,correct,not_applicable,email,0,0
NYK102549,metro,skincare,on_time,correct,not_applicable,call,0,0
NYK102550,tier2,haircare,on_time,correct,not_applicable,call,0,0
NYK102551,tier2,haircare,on_time,correct,not_applicable,call,0,0
NYK102552,tier2,skincare,on_time,correct,not_applicable,call,0,0
NYK102553,tier3,skincare,on_time,correct,not_applicable,social,0,0
NYK102554,metro,haircare,delayed,correct,refunded,call,0,1
NYK102555,tier2,wellness,on_time,correct,not_applicable,call,0,0
NYK102556,metro,skincare,on_time,wrong_item,unresolved,app,1,0
NYK102557,metro,skincare,on_time,wrong_item,denied,app,1,0
NYK102558,tier2,haircare,on_time,correct,not_applicable,social,0,0
NYK102559,metro,haircare,on_time,correct,not_applicable,none,0,0
NYK102560,tier2,wellness,on_time,correct,not_applicable,app,0,0
NYK102561,tier2,skincare,on_time,correct,not_applicable,call,0,0
NYK102562,tier2,skincare,on_time,correct,not_applicable,call,0,0
NYK102563,tier2,makeup,delayed,correct,refunded,email,0,1
NYK102564,tier2,skincare,on_time,correct,not_applicable,app,0,0
NYK102565,metro,haircare,on_time,correct,not_applicable,none,0,0
NYK102566,metro,skincare,on_time,correct,not_applicable,app,0,0
NYK102567,metro,makeup,on_time,correct,not_applicable,none,0,0
NYK102568,tier2,wellness,not_delivered,correct,refunded,app,0,1
NYK102569,tier3,wellness,on_time,correct,not_applicable,call,0,0
NYK102570,metro,haircare,on_time,correct,not_applicable,app,0,0
NYK102571,tier2,wellness,delayed,correct,denied,app,0,1
NYK102572,tier3,skincare,on_time,correct,not_applicable,none,0,0
NYK102573,tier3,makeup,on_time,correct,not_applicable,call,0,0
NYK102574,tier2,skincare,on_time,correct,not_applicable,app,0,0
NYK102575,tier2,wellness,on_time,correct,not_applicable,none,0,0
NYK102576,tier2,wellness,on_time,correct,not_applicable,app,0,0
NYK102577,tier3,skincare,not_delivered,correct,refunded,app,0,1
NYK102578,metro,skincare,on_time,correct,not_applicable,app,0,0
NYK102579,tier3,makeup,on_time,correct,not_applicable,call,0,0
NYK102580,metro,skincare,on_time,correct,not_applicable,none,0,0
NYK102581,tier3,haircare,on_time,damaged,refunded,app,0,0
NYK102582,metro,skincare,on_time,correct,not_applicable,email,0,0
NYK102583,metro,haircare,on_time,correct,not_applicable,app,0,0
NYK102584,metro,makeup,on_time,correct,not_applicable,app,0,0
NYK102585,tier2,makeup,on_time,damaged,denied,email,1,0
NYK102586,metro,skincare,on_time,correct,not_applicable,email,0,0
NYK102587,metro,wellness,on_time,correct,not_applicable,email,0,0
NYK102588,tier2,makeup,on_time,correct,not_applicable,app,0,0
NYK102589,tier2,makeup,on_time,correct,not_applicable,app,0,0
NYK102590,tier3,makeup,on_time,correct,not_applicable,email,0,0
NYK102591,tier3,wellness,delayed,correct,unresolved,email,0,1
NYK102592,tier2,haircare,on_time,correct,not_applicable,call,0,0
NYK102593,metro,haircare,on_time,correct,not_applicable,app,0,0
NYK102594,metro,makeup,on_time,wrong_item,denied,social,1,0
NYK102595,tier3,haircare,delayed,correct,unresolved,app,0,1
NYK102596,metro,skincare,delayed,correct,replaced,email,0,1
NYK102597,tier2,haircare,on_time,wrong_item,denied,email,1,0
NYK102598,tier3,makeup,on_time,correct,not_applicable,app,0,0
NYK102599,tier3,makeup,on_time,correct,not_applicable,call,0,0
NYK102600,tier2,wellness,on_time,correct,not_applicable,call,0,0
NYK102601,tier2,wellness,delayed,correct,refunded,email,0,1
NYK102602,tier2,makeup,delayed,correct,denied,none,0,1
NYK102603,tier3,makeup,on_time,correct,not_applicable,call,0,0
NYK102604,metro,haircare,on_time,correct,not_applicable,app,0,0
NYK102605,metro,wellness,on_time,correct,not_applicable,call,0,0
NYK102606,tier2,haircare,on_time,correct,not_applicable,email,0,0
NYK102607,metro,skincare,delayed,correct,denied,call,0,1
NYK102608,tier2,skincare,on_time,correct,not_applicable,social,0,0
NYK102609,metro,haircare,on_time,correct,not_applicable,app,0,0
NYK102610,tier3,haircare,on_time,correct,not_applicable,app,0,0
NYK102611,tier3,haircare,on_time,correct,not_applicable,app,0,0
NYK102612,tier2,haircare,on_time,correct,not_applicable,none,0,0
NYK102613,tier3,makeup,delayed,correct,replaced,email,0,1
NYK102614,metro,makeup,on_time,correct,not_applicable,call,0,0
NYK102615,tier2,haircare,delayed,correct,unresolved,call,0,1
NYK102616,metro,skincare,on_time,wrong_item,replaced,none,0,0
NYK102617,tier3,haircare,on_time,correct,not_applicable,none,0,0
NYK102618,tier3,haircare,on_time,wrong_item,denied,call,1,0
NYK102619,tier3,haircare,not_delivered,correct,replaced,social,0,1
NYK102620,tier3,skincare,delayed,correct,refunded,none,0,1
NYK102621,tier3,haircare,delayed,correct,refunded,call,0,1
NYK102622,metro,skincare,on_time,correct,not_applicable,call,0,0
NYK102623,tier3,skincare,on_time,correct,not_applicable,call,0,0
NYK102624,tier2,makeup,delayed,damaged,unresolved,call,1,1
NYK102625,tier2,skincare,on_time,correct,not_applicable,social,0,0
NYK102626,tier2,wellness,on_time,correct,not_applicable,call,0,0
NYK102627,metro,wellness,on_time,wrong_item,replaced,app,0,0
NYK102628,metro,skincare,on_time,damaged,denied,call,1,0
NYK102629,metro,haircare,on_time,correct,not_applicable,email,0,0
NYK102630,metro,makeup,on_time,correct,not_applicable,app,0,0
NYK102631,tier2,haircare,on_time,correct,not_applicable,call,0,0
NYK102632,tier3,haircare,delayed,correct,replaced,app,0,1
NYK102633,tier2,makeup,on_time,wrong_item,unresolved,social,1,0
NYK102634,tier2,skincare,on_time,damaged,denied,app,1,0
NYK102635,tier2,skincare,on_time,correct,not_applicable,app,0,0
NYK102636,tier2,makeup,on_time,correct,not_applicable,social,0,0
NYK102637,metro,wellness,on_time,correct,not_applicable,app,0,0
NYK102638,tier3,makeup,on_time,damaged,refunded,email,0,0
NYK102639,metro,makeup,on_time,correct,not_applicable,call,0,0
NYK102640,tier2,skincare,on_time,correct,not_applicable,social,0,0
NYK102641,tier3,wellness,on_time,wrong_item,replaced,app,0,0
NYK102642,tier2,skincare,on_time,correct,not_applicable,app,0,0
NYK102643,tier3,haircare,on_time,wrong_item,denied,app,1,0
NYK102644,metro,haircare,on_time,correct,not_applicable,none,0,0
NYK102645,tier3,skincare,delayed,correct,refunded,social,0,1
NYK102646,tier2,skincare,on_time,correct,not_applicable,app,0,0
NYK102647,tier3,makeup,on_time,correct,not_applicable,app,0,0
NYK102648,tier2,skincare,on_time,correct,not_applicable,app,0,0
NYK102649,tier3,haircare,on_time,correct,not_applicable,app,0,0
NYK102650,tier3,haircare,on_time,correct,not_applicable,app,0,0
NYK102651,tier2,skincare,on_time,correct,not_applicable,none,0,0
NYK102652,tier3,makeup,on_time,correct,not_applicable,app,0,0
NYK102653,tier2,skincare,on_time,correct,not_applicable,none,0,0
NYK102654,tier2,skincare,on_time,correct,not_applicable,app,0,0
NYK102655,tier3,haircare,on_time,correct,not_applicable,social,0,0
NYK102656,metro,haircare,on_time,correct,not_applicable,call,0,0
NYK102657,tier2,haircare,on_time,correct,not_applicable,app,0,0
NYK102658,metro,skincare,delayed,correct,replaced,social,0,1
NYK102659,metro,makeup,on_time,correct,not_applicable,app,0,0
NYK102660,tier3,makeup,delayed,correct,refunded,none,0,1
NYK102661,metro,wellness,on_time,correct,not_applicable,social,0,0
NYK102662,metro,haircare,on_time,correct,not_applicable,none,0,0
NYK102663,metro,wellness,on_time,correct,not_applicable,social,0,0
NYK102664,tier2,skincare,on_time,correct,not_applicable,app,0,0
NYK102665,tier3,makeup,on_time,correct,not_applicable,call,0,0
NYK102666,tier3,haircare,on_time,correct,not_applicable,email,0,0
NYK102667,metro,makeup,on_time,correct,not_applicable,call,0,0
NYK102668,tier2,makeup,on_time,correct,not_applicable,call,0,0
NYK102669,tier2,makeup,delayed,correct,refunded,app,0,1
NYK102670,tier2,wellness,on_time,correct,not_applicable,email,0,0
NYK102671,tier2,skincare,delayed,correct,unresolved,call,0,1
NYK102672,metro,wellness,on_time,correct,not_applicable,app,0,0
NYK102673,tier2,makeup,on_time,correct,not_applicable,none,0,0
NYK102674,tier2,makeup,on_time,correct,not_applicable,social,0,0
NYK102675,tier2,makeup,on_time,correct,not_applicable,call,0,0
NYK102676,tier2,skincare,on_time,correct,not_applicable,app,0,0
NYK102677,tier3,wellness,on_time,correct,not_applicable,email,0,0
NYK102678,tier2,wellness,on_time,correct,not_applicable,app,0,0
NYK102679,metro,wellness,on_time,correct,not_applicable,email,0,0
NYK102680,tier3,wellness,not_delivered,wrong_item,unresolved,social,1,1
NYK102681,tier3,haircare,on_time,correct,not_applicable,app,0,0
NYK102682,metro,makeup,on_time,correct,not_applicable,app,0,0
NYK102683,tier2,haircare,on_time,wrong_item,denied,app,1,0
NYK102684,metro,skincare,on_time,correct,not_applicable,call,0,0
NYK102685,tier2,haircare,on_time,correct,not_applicable,email,0,0
NYK102686,metro,makeup,on_time,correct,not_applicable,app,0,0
NYK102687,tier2,haircare,on_time,correct,not_applicable,none,0,0
NYK102688,metro,makeup,on_time,correct,not_applicable,email,0,0
NYK102689,tier2,makeup,on_time,correct,not_applicable,app,0,0
NYK102690,tier3,skincare,on_time,correct,not_applicable,call,0,0
NYK102691,metro,makeup,on_time,correct,not_applicable,call,0,0
NYK102692,tier3,makeup,delayed,damaged,refunded,call,0,1
NYK102693,tier3,skincare,on_time,correct,not_applicable,email,0,0
NYK102694,tier3,skincare,on_time,correct,not_applicable,app,0,0
NYK102695,metro,makeup,on_time,wrong_item,unresolved,app,1,0
NYK102696,tier3,skincare,on_time,correct,not_applicable,app,0,0
NYK102697,metro,haircare,on_time,correct,not_applicable,app,0,0
NYK102698,metro,skincare,on_time,correct,not_applicable,email,0,0
NYK102699,tier3,makeup,on_time,correct,not_applicable,none,0,0
NYK102700,tier2,skincare,on_time,correct,not_applicable,email,0,0
NYK102701,tier2,makeup,on_time,damaged,denied,none,1,0
NYK102702,metro,makeup,on_time,correct,not_applicable,email,0,0
NYK102703,tier3,makeup,on_time,correct,not_applicable,app,0,0
NYK102704,tier2,makeup,on_time,correct,not_applicable,none,0,0
NYK102705,tier2,makeup,delayed,correct,unresolved,app,0,1
NYK102706,tier3,skincare,on_time,correct,not_applicable,app,0,0
NYK102707,metro,makeup,on_time,correct,not_applicable,none,0,0
NYK102708,metro,makeup,on_time,correct,not_applicable,email,0,0
NYK102709,tier2,haircare,on_time,correct,not_applicable,none,0,0
NYK102710,tier3,makeup,on_time,damaged,refunded,app,0,0
NYK102711,metro,haircare,on_time,correct,not_applicable,social,0,0
NYK102712,metro,makeup,on_time,damaged,refunded,app,0,0
NYK102713,metro,skincare,on_time,correct,not_applicable,call,0,0
NYK102714,tier3,skincare,on_time,correct,not_applicable,none,0,0
NYK102715,metro,skincare,on_time,correct,not_applicable,call,0,0
NYK102716,tier2,makeup,on_time,correct,not_applicable,email,0,0
NYK102717,tier3,haircare,delayed,correct,denied,none,0,1
NYK102718,metro,haircare,on_time,correct,not_applicable,none,0,0
NYK102719,tier2,makeup,on_time,correct,not_applicable,app,0,0
NYK102720,tier2,skincare,on_time,correct,not_applicable,app,0,0
NYK102721,tier3,haircare,on_time,correct,not_applicable,none,0,0
NYK102722,metro,skincare,on_time,correct,not_applicable,email,0,0
NYK102723,tier2,makeup,not_delivered,correct,unresolved,call,0,1
NYK102724,metro,haircare,on_time,correct,not_applicable,app,0,0
NYK102725,tier2,makeup,on_time,correct,not_applicable,app,0,0
NYK102726,tier3,skincare,delayed,correct,refunded,none,0,1
NYK102727,metro,skincare,on_time,damaged,refunded,call,0,0
NYK102728,metro,makeup,on_time,damaged,replaced,social,0,0
NYK102729,tier3,skincare,on_time,correct,not_applicable,app,0,0
NYK102730,metro,haircare,delayed,correct,unresolved,app,0,1
NYK102731,metro,makeup,on_time,correct,not_applicable,email,0,0
NYK102732,tier2,skincare,on_time,correct,not_applicable,none,0,0
NYK102733,metro,skincare,on_time,correct,not_applicable,app,0,0
NYK102734,metro,haircare,on_time,wrong_item,denied,call,1,0
NYK102735,tier2,makeup,not_delivered,damaged,unresolved,email,1,1
NYK102736,metro,haircare,on_time,correct,not_applicable,app,0,0
NYK102737,tier2,makeup,delayed,correct,denied,call,0,1
NYK102738,tier2,skincare,on_time,correct,not_applicable,email,0,0
NYK102739,tier2,makeup,on_time,correct,not_applicable,app,0,0
NYK102740,metro,makeup,delayed,correct,unresolved,email,0,1
NYK102741,tier3,makeup,on_time,correct,not_applicable,app,0,0
NYK102742,metro,haircare,on_time,correct,not_applicable,email,0,0
NYK102743,tier3,wellness,on_time,wrong_item,replaced,social,0,0
NYK102744,metro,haircare,on_time,correct,not_applicable,social,0,0
NYK102745,tier3,makeup,on_time,correct,not_applicable,email,0,0
NYK102746,metro,makeup,on_time,wrong_item,refunded,email,0,0
NYK102747,metro,makeup,on_time,correct,not_applicable,call,0,0
NYK102748,tier2,skincare,on_time,correct,not_applicable,call,0,0
NYK102749,metro,haircare,on_time,correct,not_applicable,app,0,0
NYK102750,metro,haircare,delayed,correct,denied,email,0,1
NYK102751,tier2,skincare,on_time,correct,not_applicable,app,0,0
NYK102752,tier3,wellness,on_time,wrong_item,denied,call,1,0
NYK102753,metro,haircare,on_time,correct,not_applicable,call,0,0
NYK102754,tier3,makeup,delayed,correct,replaced,email,0,1
NYK102755,tier3,wellness,delayed,correct,refunded,call,0,1
NYK102756,tier3,skincare,on_time,correct,not_applicable,call,0,0
NYK102757,tier2,skincare,on_time,wrong_item,denied,email,1,0
NYK102758,tier2,skincare,on_time,correct,not_applicable,none,0,0
NYK102759,tier2,makeup,on_time,correct,not_applicable,email,0,0
NYK102760,tier2,makeup,delayed,correct,denied,app,0,1
NYK102761,tier3,wellness,on_time,correct,not_applicable,social,0,0
NYK102762,metro,skincare,on_time,wrong_item,replaced,app,0,0
NYK102763,metro,skincare,on_time,correct,not_applicable,app,0,0
NYK102764,metro,makeup,on_time,correct,not_applicable,app,0,0
NYK102765,tier3,skincare,on_time,correct,not_applicable,call,0,0
NYK102766,tier2,haircare,on_time,correct,not_applicable,email,0,0
NYK102767,tier2,makeup,on_time,correct,not_applicable,call,0,0
NYK102768,tier3,wellness,on_time,correct,not_applicable,social,0,0
NYK102769,tier3,haircare,on_time,correct,not_applicable,email,0,0
NYK102770,metro,skincare,on_time,wrong_item,unresolved,app,1,0
NYK102771,tier3,skincare,on_time,correct,not_applicable,call,0,0
NYK102772,tier3,skincare,on_time,correct,not_applicable,email,0,0
NYK102773,metro,wellness,on_time,correct,not_applicable,call,0,0
NYK102774,tier3,haircare,on_time,correct,not_applicable,call,0,0
NYK102775,metro,makeup,on_time,correct,not_applicable,call,0,0
NYK102776,tier2,skincare,on_time,correct,not_applicable,call,0,0
NYK102777,tier2,haircare,on_time,correct,not_applicable,call,0,0
NYK102778,metro,skincare,on_time,correct,not_applicable,none,0,0
NYK102779,metro,haircare,on_time,correct,not_applicable,app,0,0
NYK102780,metro,haircare,on_time,correct,not_applicable,app,0,0
NYK102781,metro,skincare,on_time,wrong_item,replaced,email,0,0
NYK102782,tier2,makeup,on_time,correct,not_applicable,social,0,0
NYK102783,metro,skincare,on_time,damaged,refunded,email,0,0
NYK102784,metro,makeup,on_time,correct,not_applicable,call,0,0
NYK102785,tier2,wellness,on_time,correct,not_applicable,none,0,0
NYK102786,tier2,haircare,on_time,correct,not_applicable,call,0,0
NYK102787,tier2,haircare,on_time,correct,not_applicable,call,0,0
NYK102788,tier3,makeup,delayed,correct,refunded,email,0,1
NYK102789,metro,skincare,on_time,correct,not_applicable,call,0,0
NYK102790,tier3,haircare,on_time,correct,not_applicable,email,0,0
NYK102791,metro,makeup,on_time,correct,not_applicable,none,0,0
NYK102792,tier2,skincare,on_time,correct,not_applicable,app,0,0
NYK102793,tier3,makeup,on_time,correct,not_applicable,app,0,0
NYK102794,tier3,makeup,on_time,correct,not_applicable,call,0,0
NYK102795,tier2,haircare,on_time,correct,not_applicable,call,0,0
NYK102796,tier2,skincare,delayed,wrong_item,replaced,email,0,1
NYK102797,metro,haircare,on_time,correct,not_applicable,none,0,0
NYK102798,tier2,makeup,on_time,correct,not_applicable,email,0,0
NYK102799,tier3,skincare,on_time,correct,not_applicable,none,0,0
NYK102800,tier3,skincare,delayed,correct,refunded,app,0,1
NYK102801,tier2,haircare,on_time,correct,not_applicable,app,0,0
NYK102802,metro,makeup,on_time,correct,not_applicable,call,0,0
NYK102803,tier2,makeup,on_time,correct,not_applicable,social,0,0
NYK102804,metro,skincare,on_time,correct,not_applicable,app,0,0
NYK102805,metro,haircare,on_time,damaged,denied,app,1,0
NYK102806,metro,haircare,delayed,correct,denied,call,0,1
NYK102807,tier2,skincare,delayed,correct,replaced,call,0,1
NYK102808,metro,wellness,delayed,correct,unresolved,email,0,1
NYK102809,metro,skincare,on_time,correct,not_applicable,none,0,0
NYK102810,metro,skincare,on_time,correct,not_applicable,app,0,0
NYK102811,tier3,makeup,on_time,correct,not_applicable,call,0,0
NYK102812,tier2,haircare,on_time,correct,not_applicable,app,0,0
NYK102813,metro,skincare,on_time,correct,not_applicable,app,0,0
NYK102814,metro,makeup,on_time,correct,not_applicable,call,0,0
NYK102815,tier2,skincare,on_time,correct,not_applicable,email,0,0
NYK102816,metro,makeup,delayed,correct,unresolved,email,0,1
NYK102817,tier2,haircare,delayed,correct,replaced,email,0,1
NYK102818,tier2,wellness,on_time,correct,not_applicable,social,0,0
NYK102819,tier3,makeup,on_time,correct,not_applicable,app,0,0
NYK102820,metro,makeup,on_time,correct,not_applicable,email,0,0
NYK102821,tier2,makeup,on_time,correct,not_applicable,email,0,0
NYK102822,metro,skincare,on_time,correct,not_applicable,app,0,0
NYK102823,tier3,skincare,on_time,correct,not_applicable,call,0,0
NYK102824,tier3,wellness,on_time,correct,not_applicable,app,0,0
NYK102825,tier2,skincare,delayed,wrong_item,refunded,app,0,1
NYK102826,tier2,haircare,delayed,correct,refunded,app,0,1
NYK102827,metro,skincare,on_time,correct,not_applicable,app,0,0
NYK102828,tier3,haircare,delayed,correct,denied,none,0,1
NYK102829,tier2,skincare,on_time,correct,not_applicable,none,0,0
NYK102830,metro,wellness,on_time,correct,not_applicable,email,0,0
NYK102831,tier2,haircare,on_time,correct,not_applicable,email,0,0
NYK102832,tier2,skincare,on_time,correct,not_applicable,none,0,0
NYK102833,tier3,haircare,on_time,correct,not_applicable,call,0,0
NYK102834,tier2,makeup,on_time,correct,not_applicable,call,0,0
NYK102835,tier2,skincare,on_time,correct,not_applicable,email,0,0
NYK102836,tier2,skincare,delayed,correct,replaced,none,0,1
NYK102837,metro,haircare,on_time,correct,not_applicable,social,0,0
NYK102838,metro,haircare,on_time,correct,not_applicable,app,0,0
NYK102839,metro,skincare,not_delivered,correct,denied,email,0,1
NYK102840,tier3,haircare,on_time,correct,not_applicable,app,0,0
NYK102841,tier2,skincare,on_time,correct,not_applicable,app,0,0
NYK102842,tier2,skincare,delayed,correct,denied,call,0,1
NYK102843,metro,makeup,on_time,correct,not_applicable,email,0,0
NYK102844,metro,skincare,on_time,correct,not_applicable,app,0,0
NYK102845,tier2,skincare,on_time,correct,not_applicable,call,0,0
NYK102846,metro,makeup,on_time,wrong_item,denied,email,1,0
NYK102847,metro,skincare,on_time,correct,not_applicable,app,0,0
NYK102848,tier3,skincare,on_time,correct,not_applicable,social,0,0
NYK102849,metro,haircare,on_time,correct,not_applicable,call,0,0
NYK102850,metro,makeup,on_time,correct,not_applicable,email,0,0
NYK102851,tier2,haircare,not_delivered,correct,refunded,app,0,1
NYK102852,tier3,makeup,on_time,correct,not_applicable,none,0,0
NYK102853,metro,makeup,on_time,correct,not_applicable,none,0,0
NYK102854,tier3,skincare,delayed,correct,refunded,app,0,1
NYK102855,tier3,haircare,on_time,correct,not_applicable,email,0,0
NYK102856,tier2,skincare,on_time,correct,not_applicable,social,0,0
NYK102857,tier2,skincare,on_time,correct,not_applicable,app,0,0
NYK102858,tier2,haircare,on_time,correct,not_applicable,email,0,0
NYK102859,tier2,haircare,on_time,correct,not_applicable,none,0,0
NYK102860,tier2,makeup,on_time,correct,not_applicable,call,0,0
NYK102861,tier2,skincare,delayed,correct,replaced,none,0,1
NYK102862,metro,skincare,on_time,correct,not_applicable,app,0,0
NYK102863,metro,makeup,on_time,correct,not_applicable,none,0,0
NYK102864,tier2,haircare,on_time,wrong_item,denied,none,1,0
NYK102865,metro,makeup,delayed,correct,denied,app,0,1
NYK102866,tier2,skincare,on_time,correct,not_applicable,call,0,0
NYK102867,tier2,skincare,on_time,correct,not_applicable,email,0,0
NYK102868,tier3,makeup,on_time,correct,not_applicable,none,0,0
NYK102869,metro,haircare,on_time,correct,not_applicable,app,0,0
NYK102870,tier2,skincare,delayed,wrong_item,denied,call,1,1
NYK102871,tier2,skincare,on_time,wrong_item,denied,social,1,0
NYK102872,metro,skincare,on_time,correct,not_applicable,call,0,0
NYK102873,metro,skincare,on_time,correct,not_applicable,email,0,0
NYK102874,metro,makeup,on_time,correct,not_applicable,email,0,0
NYK102875,metro,skincare,on_time,correct,not_applicable,none,0,0
NYK102876,metro,makeup,on_time,correct,not_applicable,app,0,0
NYK102877,tier2,haircare,on_time,wrong_item,replaced,none,0,0
NYK102878,tier2,wellness,on_time,correct,not_applicable,email,0,0
NYK102879,metro,wellness,on_time,correct,not_applicable,none,0,0
NYK102880,metro,skincare,on_time,correct,not_applicable,app,0,0
NYK102881,metro,skincare,on_time,correct,not_applicable,email,0,0
NYK102882,tier2,skincare,on_time,correct,not_applicable,social,0,0
NYK102883,metro,haircare,on_time,correct,not_applicable,social,0,0
NYK102884,tier2,skincare,delayed,correct,refunded,app,0,1
NYK102885,metro,makeup,on_time,correct,not_applicable,call,0,0
NYK102886,metro,skincare,on_time,correct,not_applicable,app,0,0
NYK102887,tier3,skincare,on_time,correct,not_applicable,app,0,0
NYK102888,metro,haircare,delayed,correct,refunded,email,0,1
NYK102889,metro,haircare,on_time,correct,not_applicable,none,0,0
NYK102890,metro,makeup,on_time,correct,not_applicable,email,0,0
NYK102891,tier3,wellness,delayed,correct,refunded,app,0,1
NYK102892,tier2,skincare,on_time,damaged,refunded,app,0,0
NYK102893,tier2,skincare,on_time,correct,not_applicable,call,0,0
NYK102894,tier3,makeup,on_time,correct,not_applicable,app,0,0
NYK102895,metro,haircare,on_time,wrong_item,refunded,social,0,0
NYK102896,tier3,makeup,on_time,wrong_item,denied,app,1,0
NYK102897,metro,skincare,on_time,correct,not_applicable,app,0,0
NYK102898,tier2,wellness,delayed,correct,refunded,email,0,1
NYK102899,tier2,skincare,on_time,correct,not_applicable,app,0,0
NYK102900,metro,makeup,on_time,correct,not_applicable,call,0,0
NYK102901,tier3,makeup,delayed,correct,refunded,call,0,1
NYK102902,metro,wellness,on_time,damaged,refunded,app,0,0
NYK102903,tier3,haircare,delayed,correct,refunded,email,0,1
NYK102904,metro,wellness,on_time,correct,not_applicable,call,0,0
NYK102905,tier2,skincare,delayed,correct,refunded,email,0,1
NYK102906,tier3,makeup,delayed,correct,refunded,app,0,1
NYK102907,metro,haircare,on_time,correct,not_applicable,call,0,0
NYK102908,tier3,makeup,on_time,correct,not_applicable,email,0,0
NYK102909,tier2,makeup,on_time,wrong_item,refunded,app,0,0
NYK102910,tier2,wellness,on_time,correct,not_applicable,app,0,0
NYK102911,metro,skincare,on_time,correct,not_applicable,app,0,0
NYK102912,tier2,makeup,on_time,correct,not_applicable,app,0,0
NYK102913,tier2,haircare,delayed,damaged,unresolved,app,1,1
NYK102914,tier2,wellness,on_time,correct,not_applicable,none,0,0
NYK102915,metro,wellness,delayed,correct,refunded,call,0,1
NYK102916,metro,haircare,on_time,correct,not_applicable,call,0,0
NYK102917,tier3,skincare,delayed,correct,refunded,app,0,1
NYK102918,metro,wellness,on_time,correct,not_applicable,app,0,0
NYK102919,tier2,makeup,on_time,correct,not_applicable,social,0,0
NYK102920,tier3,haircare,on_time,correct,not_applicable,email,0,0
NYK102921,metro,makeup,delayed,wrong_item,replaced,none,0,1
NYK102922,metro,haircare,on_time,wrong_item,refunded,app,0,0
NYK102923,tier2,makeup,on_time,correct,not_applicable,app,0,0
NYK102924,metro,haircare,delayed,damaged,replaced,email,0,1
NYK102925,tier2,skincare,on_time,correct,not_applicable,call,0,0
NYK102926,tier2,skincare,on_time,correct,not_applicable,app,0,0
NYK102927,tier2,makeup,on_time,wrong_item,replaced,call,0,0
NYK102928,metro,skincare,on_time,correct,not_applicable,app,0,0
NYK102929,tier2,haircare,on_time,correct,not_applicable,social,0,0
NYK102930,tier2,skincare,on_time,correct,not_applicable,none,0,0
NYK102931,metro,makeup,on_time,correct,not_applicable,email,0,0
NYK102932,tier2,skincare,on_time,correct,not_applicable,call,0,0
NYK102933,tier3,skincare,delayed,damaged,unresolved,social,1,1
NYK102934,tier2,makeup,not_delivered,correct,unresolved,email,0,1
NYK102935,tier2,skincare,on_time,correct,not_applicable,social,0,0
NYK102936,metro,skincare,on_time,correct,not_applicable,call,0,0
NYK102937,metro,skincare,on_time,correct,not_applicable,none,0,0
NYK102938,metro,skincare,on_time,correct,not_applicable,app,0,0
NYK102939,metro,makeup,on_time,correct,not_applicable,email,0,0
NYK102940,tier3,skincare,on_time,correct,not_applicable,social,0,0
NYK102941,metro,makeup,on_time,correct,not_applicable,none,0,0
NYK102942,tier3,haircare,on_time,correct,not_applicable,none,0,0
NYK102943,metro,makeup,on_time,correct,not_applicable,call,0,0
NYK102944,metro,makeup,on_time,correct,not_applicable,email,0,0
NYK102945,tier2,skincare,on_time,correct,not_applicable,app,0,0
NYK102946,metro,wellness,on_time,correct,not_applicable,email,0,0
NYK102947,tier3,makeup,on_time,correct,not_applicable,app,0,0
NYK102948,tier3,skincare,on_time,correct,not_applicable,call,0,0
NYK102949,tier3,wellness,delayed,wrong_item,denied,none,1,1
NYK102950,metro,haircare,on_time,damaged,refunded,social,0,0
NYK102951,tier3,makeup,on_time,correct,not_applicable,call,0,0
NYK102952,metro,haircare,on_time,correct,not_applicable,app,0,0
NYK102953,tier3,skincare,on_time,correct,not_applicable,call,0,0
NYK102954,tier2,haircare,delayed,damaged,replaced,app,0,1
NYK102955,metro,haircare,on_time,correct,not_applicable,app,0,0
NYK102956,metro,makeup,on_time,correct,not_applicable,none,0,0
NYK102957,metro,skincare,on_time,wrong_item,refunded,call,0,0
NYK102958,metro,skincare,delayed,correct,denied,app,0,1
NYK102959,tier3,wellness,delayed,correct,refunded,email,0,1
NYK102960,tier3,skincare,on_time,correct,not_applicable,app,0,0
NYK102961,tier3,skincare,on_time,wrong_item,denied,call,1,0
NYK102962,metro,haircare,on_time,correct,not_applicable,app,0,0
NYK102963,tier2,haircare,on_time,wrong_item,refunded,app,0,0
NYK102964,metro,skincare,on_time,correct,not_applicable,call,0,0
NYK102965,tier2,haircare,on_time,correct,not_applicable,email,0,0
NYK102966,metro,makeup,on_time,wrong_item,replaced,call,0,0
NYK102967,metro,haircare,on_time,correct,not_applicable,social,0,0
NYK102968,tier2,skincare,on_time,correct,not_applicable,none,0,0
NYK102969,metro,skincare,on_time,correct,not_applicable,social,0,0
NYK102970,tier2,makeup,on_time,correct,not_applicable,none,0,0
NYK102971,tier2,skincare,on_time,correct,not_applicable,none,0,0
NYK102972,metro,makeup,on_time,correct,not_applicable,social,0,0
NYK102973,tier3,skincare,delayed,correct,refunded,app,0,1
NYK102974,tier2,haircare,on_time,wrong_item,replaced,app,0,0
NYK102975,tier3,haircare,on_time,wrong_item,denied,email,1,0
NYK102976,tier2,haircare,on_time,correct,not_applicable,social,0,0
NYK102977,tier2,wellness,on_time,damaged,replaced,social,0,0
NYK102978,tier2,wellness,on_time,correct,not_applicable,email,0,0
NYK102979,tier3,makeup,delayed,correct,refunded,social,0,1
NYK102980,tier2,makeup,on_time,damaged,refunded,email,0,0
NYK102981,metro,haircare,on_time,correct,not_applicable,email,0,0
NYK102982,metro,wellness,on_time,wrong_item,unresolved,app,1,0
NYK102983,tier2,wellness,on_time,correct,not_applicable,call,0,0
NYK102984,metro,haircare,on_time,correct,not_applicable,app,0,0
NYK102985,metro,skincare,on_time,correct,not_applicable,app,0,0
NYK102986,metro,wellness,delayed,correct,replaced,call,0,1
NYK102987,tier2,wellness,on_time,correct,not_applicable,app,0,0
NYK102988,metro,haircare,on_time,correct,not_applicable,none,0,0
NYK102989,tier2,haircare,on_time,correct,not_applicable,call,0,0
NYK102990,tier3,makeup,on_time,correct,not_applicable,email,0,0
NYK102991,tier3,wellness,on_time,correct,not_applicable,app,0,0
NYK102992,metro,skincare,on_time,correct,not_applicable,social,0,0
NYK102993,tier2,haircare,on_time,correct,not_applicable,call,0,0
NYK102994,tier2,skincare,delayed,correct,denied,email,0,1
NYK102995,tier2,skincare,on_time,correct,not_applicable,email,0,0
NYK102996,tier2,skincare,delayed,correct,replaced,call,0,1
NYK102997,metro,makeup,on_time,correct,not_applicable,email,0,0
NYK102998,tier3,skincare,delayed,correct,denied,email,0,1
NYK102999,metro,wellness,on_time,correct,not_applicable,social,0,0
NYK103000,tier3,makeup,on_time,correct,not_applicable,call,0,0
NYK103001,tier2,haircare,on_time,correct,not_applicable,none,0,0
NYK103002,metro,skincare,on_time,damaged,denied,call,1,0
NYK103003,tier2,skincare,on_time,correct,not_applicable,app,0,0
NYK103004,metro,haircare,on_time,correct,not_applicable,call,0,0
NYK103005,tier3,haircare,on_time,correct,not_applicable,call,0,0
NYK103006,tier2,makeup,on_time,wrong_item,refunded,call,0,0
NYK103007,metro,haircare,on_time,correct,not_applicable,social,0,0
NYK103008,metro,haircare,on_time,correct,not_applicable,email,0,0
NYK103009,tier3,makeup,on_time,correct,not_applicable,none,0,0
NYK103010,metro,wellness,on_time,correct,not_applicable,app,0,0
NYK103011,tier3,haircare,on_time,correct,not_applicable,email,0,0
NYK103012,tier3,haircare,not_delivered,correct,replaced,app,0,1
NYK103013,tier2,makeup,on_time,correct,not_applicable,call,0,0
NYK103014,metro,skincare,on_time,correct,not_applicable,call,0,0
NYK103015,tier2,skincare,on_time,correct,not_applicable,email,0,0
NYK103016,tier3,haircare,on_time,wrong_item,replaced,email,0,0
NYK103017,metro,haircare,on_time,correct,not_applicable,app,0,0
NYK103018,metro,skincare,on_time,correct,not_applicable,app,0,0
NYK103019,metro,makeup,on_time,correct,not_applicable,call,0,0
NYK103020,metro,skincare,delayed,wrong_item,refunded,app,0,1
NYK103021,tier2,skincare,on_time,correct,not_applicable,email,0,0
NYK103022,tier2,wellness,on_time,correct,not_applicable,call,0,0
NYK103023,tier2,makeup,on_time,correct,not_applicable,social,0,0
NYK103024,metro,skincare,on_time,correct,not_applicable,none,0,0
NYK103025,metro,makeup,on_time,wrong_item,denied,call,1,0
NYK103026,metro,makeup,on_time,correct,not_applicable,none,0,0
NYK103027,tier3,haircare,on_time,correct,not_applicable,social,0,0
NYK103028,tier2,wellness,on_time,correct,not_applicable,app,0,0
NYK103029,metro,makeup,on_time,correct,not_applicable,social,0,0
NYK103030,tier3,makeup,on_time,correct,not_applicable,call,0,0
NYK103031,metro,makeup,on_time,damaged,refunded,email,0,0
NYK103032,metro,makeup,on_time,correct,not_applicable,email,0,0
NYK103033,metro,skincare,on_time,wrong_item,refunded,none,0,0
NYK103034,tier3,skincare,on_time,correct,not_applicable,social,0,0
NYK103035,tier2,haircare,on_time,correct,not_applicable,social,0,0
NYK103036,tier2,makeup,delayed,correct,denied,call,0,1
NYK103037,metro,makeup,on_time,correct,not_applicable,none,0,0
NYK103038,metro,skincare,on_time,correct,not_applicable,email,0,0
NYK103039,tier2,haircare,not_delivered,correct,unresolved,social,0,1
NYK103040,metro,skincare,not_delivered,correct,refunded,none,0,1
NYK103041,tier3,makeup,on_time,wrong_item,denied,app,1,0
NYK103042,tier3,haircare,on_time,correct,not_applicable,call,0,0
NYK103043,tier2,makeup,on_time,correct,not_applicable,social,0,0
NYK103044,tier2,wellness,delayed,wrong_item,refunded,none,0,1
NYK103045,tier3,skincare,delayed,correct,denied,social,0,1
NYK103046,tier2,haircare,on_time,correct,not_applicable,call,0,0
NYK103047,tier2,wellness,on_time,correct,not_applicable,app,0,0
NYK103048,tier3,makeup,not_delivered,correct,replaced,call,0,1
NYK103049,metro,haircare,on_time,correct,not_applicable,call,0,0
NYK103050,tier3,makeup,on_time,wrong_item,denied,none,1,0
NYK103051,metro,haircare,on_time,correct,not_applicable,email,0,0
NYK103052,tier2,wellness,on_time,damaged,replaced,call,0,0
NYK103053,tier3,haircare,on_time,correct,not_applicable,call,0,0
NYK103054,tier2,wellness,on_time,correct,not_applicable,none,0,0
NYK103055,tier2,makeup,on_time,correct,not_applicable,email,0,0
NYK103056,tier2,makeup,on_time,correct,not_applicable,app,0,0
NYK103057,metro,skincare,on_time,correct,not_applicable,call,0,0
NYK103058,metro,haircare,on_time,correct,not_applicable,call,0,0
NYK103059,metro,haircare,on_time,correct,not_applicable,call,0,0
NYK103060,tier2,makeup,on_time,correct,not_applicable,email,0,0
NYK103061,tier2,skincare,delayed,correct,replaced,app,0,1
NYK103062,metro,makeup,on_time,correct,not_applicable,call,0,0
NYK103063,tier3,haircare,delayed,correct,denied,call,0,1
NYK103064,metro,wellness,on_time,correct,not_applicable,call,0,0
NYK103065,tier2,skincare,on_time,correct,not_applicable,email,0,0
NYK103066,tier2,skincare,on_time,correct,not_applicable,email,0,0
NYK103067,metro,makeup,on_time,correct,not_applicable,app,0,0
NYK103068,tier2,skincare,on_time,wrong_item,refunded,app,0,0
NYK103069,tier2,wellness,on_time,correct,not_applicable,social,0,0
NYK103070,metro,makeup,on_time,correct,not_applicable,none,0,0
NYK103071,tier3,makeup,on_time,damaged,refunded,app,0,0
NYK103072,tier3,skincare,on_time,correct,not_applicable,app,0,0
NYK103073,tier2,makeup,on_time,correct,not_applicable,none,0,0
NYK103074,tier3,wellness,on_time,correct,not_applicable,app,0,0
NYK103075,tier3,makeup,delayed,correct,replaced,none,0,1
NYK103076,metro,skincare,on_time,correct,not_applicable,social,0,0
NYK103077,tier2,skincare,on_time,correct,not_applicable,app,0,0
NYK103078,tier2,wellness,on_time,correct,not_applicable,app,0,0
NYK103079,metro,wellness,not_delivered,damaged,replaced,none,0,1
NYK103080,metro,skincare,on_time,wrong_item,refunded,app,0,0
NYK103081,metro,makeup,on_time,correct,not_applicable,call,0,0
NYK103082,tier2,skincare,on_time,damaged,replaced,app,0,0
NYK103083,tier3,makeup,on_time,correct,not_applicable,email,0,0
NYK103084,tier3,skincare,on_time,damaged,replaced,social,0,0
NYK103085,metro,haircare,on_time,correct,not_applicable,email,0,0
NYK103086,metro,wellness,on_time,correct,not_applicable,app,0,0
NYK103087,tier2,skincare,on_time,wrong_item,denied,email,1,0
NYK103088,tier2,makeup,delayed,correct,unresolved,email,0,1
NYK103089,tier3,skincare,delayed,correct,replaced,app,0,1
NYK103090,tier3,skincare,on_time,correct,not_applicable,social,0,0
NYK103091,tier3,skincare,on_time,correct,not_applicable,email,0,0
NYK103092,tier3,skincare,on_time,correct,not_applicable,app,0,0
NYK103093,tier3,wellness,delayed,correct,replaced,none,0,1
NYK103094,tier2,skincare,on_time,correct,not_applicable,call,0,0
NYK103095,metro,haircare,on_time,correct,not_applicable,app,0,0
NYK103096,metro,skincare,on_time,correct,not_applicable,app,0,0
NYK103097,metro,makeup,on_time,correct,not_applicable,call,0,0
NYK103098,metro,makeup,on_time,correct,not_applicable,call,0,0
NYK103099,metro,wellness,on_time,correct,not_applicable,app,0,0
NYK103100,tier3,skincare,on_time,correct,not_applicable,social,0,0
NYK103101,metro,skincare,on_time,correct,not_applicable,email,0,0
NYK103102,tier3,haircare,on_time,correct,not_applicable,app,0,0
NYK103103,tier3,haircare,delayed,correct,replaced,email,0,1
NYK103104,tier2,haircare,on_time,correct,not_applicable,email,0,0
NYK103105,tier2,skincare,on_time,correct,not_applicable,call,0,0
NYK103106,metro,skincare,on_time,correct,not_applicable,none,0,0
NYK103107,tier2,haircare,on_time,correct,not_applicable,app,0,0
NYK103108,metro,makeup,on_time,correct,not_applicable,app,0,0
NYK103109,tier3,makeup,on_time,correct,not_applicable,app,0,0
NYK103110,metro,skincare,on_time,correct,not_applicable,call,0,0
NYK103111,metro,skincare,on_time,wrong_item,refunded,call,0,0
NYK103112,tier2,wellness,on_time,correct,not_applicable,app,0,0
NYK103113,tier2,haircare,on_time,correct,not_applicable,email,0,0
NYK103114,tier2,skincare,on_time,correct,not_applicable,none,0,0
NYK103115,tier2,wellness,delayed,correct,denied,social,0,1
NYK103116,metro,makeup,on_time,correct,not_applicable,email,0,0
NYK103117,tier2,skincare,delayed,correct,unresolved,email,0,1
NYK103118,metro,makeup,on_time,correct,not_applicable,email,0,0
NYK103119,metro,haircare,on_time,correct,not_applicable,call,0,0
NYK103120,metro,makeup,on_time,correct,not_applicable,call,0,0
NYK103121,metro,makeup,on_time,correct,not_applicable,call,0,0
NYK103122,metro,haircare,on_time,correct,not_applicable,app,0,0
NYK103123,tier2,skincare,delayed,correct,denied,email,0,1
NYK103124,metro,wellness,delayed,correct,unresolved,call,0,1
NYK103125,metro,makeup,on_time,correct,not_applicable,app,0,0
NYK103126,tier2,makeup,on_time,correct,not_applicable,app,0,0
NYK103127,metro,haircare,on_time,correct,not_applicable,social,0,0
NYK103128,tier2,makeup,on_time,damaged,replaced,app,0,0
NYK103129,tier3,makeup,on_time,correct,not_applicable,call,0,0
NYK103130,tier2,makeup,on_time,correct,not_applicable,app,0,0
NYK103131,tier3,wellness,delayed,correct,denied,app,0,1
NYK103132,metro,haircare,on_time,correct,not_applicable,social,0,0
NYK103133,metro,haircare,on_time,correct,not_applicable,app,0,0
NYK103134,tier2,skincare,on_time,damaged,refunded,app,0,0
NYK103135,tier3,makeup,delayed,correct,unresolved,none,0,1
NYK103136,tier3,makeup,on_time,correct,not_applicable,call,0,0
NYK103137,metro,skincare,on_time,damaged,replaced,email,0,0
NYK103138,tier3,haircare,on_time,correct,not_applicable,email,0,0
NYK103139,metro,skincare,on_time,correct,not_applicable,app,0,0
NYK103140,metro,skincare,on_time,correct,not_applicable,call,0,0
NYK103141,metro,skincare,on_time,correct,not_applicable,call,0,0
NYK103142,tier3,skincare,on_time,damaged,refunded,app,0,0
NYK103143,metro,skincare,on_time,correct,not_applicable,app,0,0
NYK103144,tier3,makeup,on_time,correct,not_applicable,email,0,0
NYK103145,tier2,makeup,on_time,correct,not_applicable,app,0,0
NYK103146,tier2,skincare,delayed,correct,denied,app,0,1
NYK103147,tier2,skincare,on_time,correct,not_applicable,email,0,0
NYK103148,tier3,haircare,on_time,correct,not_applicable,call,0,0
NYK103149,metro,skincare,on_time,correct,not_applicable,email,0,0
NYK103150,metro,makeup,on_time,correct,not_applicable,app,0,0
NYK103151,tier2,makeup,on_time,correct,not_applicable,email,0,0
NYK103152,metro,makeup,on_time,correct,not_applicable,social,0,0
NYK103153,metro,haircare,on_time,correct,not_applicable,call,0,0
NYK103154,metro,makeup,delayed,correct,replaced,social,0,1
NYK103155,metro,wellness,on_time,correct,not_applicable,call,0,0
NYK103156,metro,haircare,on_time,correct,not_applicable,app,0,0
NYK103157,metro,skincare,on_time,correct,not_applicable,call,0,0
NYK103158,tier3,skincare,delayed,damaged,unresolved,call,1,1
NYK103159,metro,skincare,on_time,correct,not_applicable,none,0,0
NYK103160,tier3,makeup,on_time,correct,not_applicable,call,0,0
NYK103161,tier3,makeup,on_time,correct,not_applicable,call,0,0
NYK103162,metro,skincare,on_time,damaged,denied,none,1,0
NYK103163,tier2,skincare,on_time,correct,not_applicable,app,0,0
NYK103164,tier2,makeup,on_time,correct,not_applicable,email,0,0
NYK103165,tier2,haircare,on_time,correct,not_applicable,call,0,0
NYK103166,metro,haircare,on_time,damaged,unresolved,none,1,0
NYK103167,metro,wellness,on_time,correct,not_applicable,app,0,0
NYK103168,metro,skincare,on_time,correct,not_applicable,email,0,0
NYK103169,tier2,makeup,on_time,correct,not_applicable,email,0,0
NYK103170,tier3,wellness,not_delivered,correct,replaced,none,0,1
NYK103171,tier2,haircare,on_time,correct,not_applicable,none,0,0
NYK103172,tier2,makeup,delayed,wrong_item,replaced,social,0,1
NYK103173,tier3,makeup,on_time,wrong_item,denied,app,1,0
NYK103174,tier2,skincare,on_time,correct,not_applicable,call,0,0
NYK103175,metro,haircare,on_time,correct,not_applicable,none,0,0
NYK103176,tier3,makeup,on_time,correct,not_applicable,email,0,0
NYK103177,metro,makeup,on_time,correct,not_applicable,none,0,0
NYK103178,metro,makeup,on_time,correct,not_applicable,social,0,0
NYK103179,tier2,makeup,delayed,correct,refunded,call,0,1
NYK103180,tier3,skincare,on_time,correct,not_applicable,app,0,0
NYK103181,metro,haircare,delayed,correct,refunded,call,0,1
NYK103182,tier2,makeup,on_time,correct,not_applicable,email,0,0
NYK103183,metro,skincare,on_time,correct,not_applicable,call,0,0
NYK103184,metro,makeup,on_time,correct,not_applicable,app,0,0
NYK103185,metro,wellness,on_time,correct,not_applicable,email,0,0
NYK103186,tier2,makeup,on_time,correct,not_applicable,app,0,0
NYK103187,tier3,makeup,on_time,correct,not_applicable,call,0,0
NYK103188,metro,makeup,on_time,correct,not_applicable,call,0,0
NYK103189,metro,haircare,on_time,correct,not_applicable,call,0,0
NYK103190,metro,haircare,on_time,wrong_item,unresolved,app,1,0
NYK103191,metro,haircare,not_delivered,correct,unresolved,email,0,1
NYK103192,tier2,skincare,on_time,correct,not_applicable,social,0,0
NYK103193,tier2,wellness,on_time,correct,not_applicable,email,0,0
NYK103194,tier2,wellness,on_time,correct,not_applicable,none,0,0
NYK103195,metro,makeup,on_time,correct,not_applicable,app,0,0
NYK103196,tier2,makeup,delayed,correct,unresolved,app,0,1
NYK103197,metro,skincare,on_time,correct,not_applicable,app,0,0
NYK103198,metro,makeup,on_time,correct,not_applicable,email,0,0
NYK103199,tier3,skincare,on_time,correct,not_applicable,app,0,0
NYK103200,tier3,skincare,delayed,correct,refunded,none,0,1
NYK103201,tier3,wellness,on_time,correct,not_applicable,email,0,0
NYK103202,tier3,skincare,on_time,correct,not_applicable,social,0,0
NYK103203,tier2,makeup,on_time,correct,not_applicable,call,0,0
NYK103204,tier3,skincare,on_time,correct,not_applicable,email,0,0
NYK103205,tier2,makeup,on_time,correct,not_applicable,call,0,0
NYK103206,metro,makeup,on_time,correct,not_applicable,call,0,0
NYK103207,metro,skincare,delayed,wrong_item,refunded,social,0,1
NYK103208,metro,makeup,on_time,correct,not_applicable,app,0,0
NYK103209,metro,wellness,delayed,correct,unresolved,none,0,1
NYK103210,metro,makeup,on_time,correct,not_applicable,email,0,0
NYK103211,tier2,wellness,on_time,correct,not_applicable,email,0,0
NYK103212,tier3,haircare,on_time,correct,not_applicable,app,0,0
NYK103213,tier2,makeup,on_time,correct,not_applicable,app,0,0
NYK103214,metro,skincare,on_time,wrong_item,refunded,app,0,0
NYK103215,tier2,skincare,on_time,correct,not_applicable,email,0,0
NYK103216,metro,haircare,delayed,correct,replaced,app,0,1
NYK103217,metro,makeup,on_time,correct,not_applicable,none,0,0
NYK103218,metro,makeup,on_time,correct,not_applicable,none,0,0
NYK103219,metro,haircare,on_time,correct,not_applicable,app,0,0
NYK103220,metro,skincare,on_time,correct,not_applicable,email,0,0
NYK103221,tier3,haircare,on_time,correct,not_applicable,app,0,0
NYK103222,tier3,skincare,on_time,correct,not_applicable,call,0,0
NYK103223,tier2,wellness,on_time,wrong_item,refunded,app,0,0
NYK103224,metro,skincare,on_time,correct,not_applicable,social,0,0
NYK103225,tier3,skincare,on_time,correct,not_applicable,none,0,0
NYK103226,tier2,haircare,on_time,correct,not_applicable,app,0,0
NYK103227,metro,skincare,on_time,correct,not_applicable,app,0,0
NYK103228,tier2,wellness,on_time,correct,not_applicable,call,0,0
NYK103229,tier2,haircare,on_time,correct,not_applicable,call,0,0
NYK103230,tier2,skincare,on_time,correct,not_applicable,app,0,0
NYK103231,metro,skincare,on_time,correct,not_applicable,social,0,0
NYK103232,tier2,wellness,on_time,correct,not_applicable,none,0,0
NYK103233,metro,makeup,on_time,correct,not_applicable,call,0,0
NYK103234,metro,haircare,on_time,correct,not_applicable,none,0,0
NYK103235,metro,skincare,on_time,correct,not_applicable,email,0,0
NYK103236,tier3,wellness,on_time,correct,not_applicable,email,0,0
NYK103237,metro,makeup,on_time,correct,not_applicable,social,0,0
NYK103238,metro,haircare,on_time,correct,not_applicable,call,0,0
NYK103239,metro,makeup,on_time,correct,not_applicable,call,0,0
NYK103240,tier3,skincare,on_time,correct,not_applicable,app,0,0
NYK103241,tier2,wellness,on_time,correct,not_applicable,email,0,0
NYK103242,tier3,wellness,not_delivered,correct,unresolved,app,0,1
NYK103243,metro,makeup,on_time,correct,not_applicable,app,0,0
NYK103244,metro,wellness,on_time,correct,not_applicable,call,0,0
NYK103245,tier2,skincare,delayed,correct,replaced,call,0,1
NYK103246,metro,skincare,delayed,correct,refunded,app,0,1
NYK103247,tier3,skincare,on_time,correct,not_applicable,app,0,0
NYK103248,tier3,makeup,delayed,wrong_item,replaced,none,0,1
NYK103249,tier2,skincare,on_time,correct,not_applicable,email,0,0
NYK103250,tier3,makeup,delayed,correct,refunded,call,0,1
NYK103251,tier2,skincare,on_time,correct,not_applicable,social,0,0
NYK103252,metro,haircare,on_time,correct,not_applicable,social,0,0
NYK103253,tier2,haircare,on_time,correct,not_applicable,app,0,0
NYK103254,metro,haircare,on_time,correct,not_applicable,email,0,0
NYK103255,tier3,skincare,on_time,correct,not_applicable,call,0,0
NYK103256,metro,haircare,on_time,correct,not_applicable,call,0,0
NYK103257,metro,skincare,on_time,correct,not_applicable,email,0,0
NYK103258,tier2,haircare,on_time,correct,not_applicable,app,0,0
NYK103259,metro,makeup,delayed,correct,denied,call,0,1
NYK103260,metro,makeup,on_time,correct,not_applicable,app,0,0
NYK103261,tier2,skincare,on_time,correct,not_applicable,call,0,0
NYK103262,metro,haircare,on_time,correct,not_applicable,app,0,0
NYK103263,tier2,wellness,on_time,correct,not_applicable,social,0,0
NYK103264,metro,haircare,on_time,correct,not_applicable,call,0,0
NYK103265,metro,wellness,on_time,correct,not_applicable,app,0,0
NYK103266,metro,wellness,on_time,correct,not_applicable,social,0,0
NYK103267,tier3,skincare,on_time,correct,not_applicable,app,0,0
NYK103268,tier3,haircare,on_time,correct,not_applicable,email,0,0
NYK103269,metro,skincare,on_time,correct,not_applicable,call,0,0
NYK103270,tier3,makeup,on_time,correct,not_applicable,app,0,0
NYK103271,tier2,skincare,on_time,damaged,denied,app,1,0
NYK103272,tier2,wellness,delayed,correct,denied,app,0,1
NYK103273,tier2,haircare,on_time,correct,not_applicable,email,0,0
NYK103274,tier2,skincare,on_time,correct,not_applicable,email,0,0
NYK103275,tier3,makeup,delayed,correct,replaced,app,0,1
NYK103276,tier2,makeup,on_time,correct,not_applicable,app,0,0
NYK103277,tier2,haircare,not_delivered,correct,refunded,none,0,1
NYK103278,metro,wellness,on_time,correct,not_applicable,app,0,0
NYK103279,metro,skincare,on_time,correct,not_applicable,call,0,0
NYK103280,tier2,makeup,on_time,correct,not_applicable,email,0,0
NYK103281,metro,makeup,on_time,correct,not_applicable,app,0,0
NYK103282,metro,makeup,not_delivered,wrong_item,refunded,none,0,1
NYK103283,metro,makeup,on_time,correct,not_applicable,app,0,0
NYK103284,metro,skincare,not_delivered,correct,unresolved,social,0,1
NYK103285,tier2,skincare,on_time,correct,not_applicable,call,0,0
NYK103286,tier2,makeup,delayed,correct,replaced,app,0,1
NYK103287,tier2,wellness,delayed,correct,replaced,call,0,1
NYK103288,metro,skincare,on_time,correct,not_applicable,none,0,0
NYK103289,tier2,skincare,not_delivered,correct,replaced,call,0,1
NYK103290,metro,haircare,on_time,correct,not_applicable,app,0,0
NYK103291,tier2,wellness,on_time,correct,not_applicable,none,0,0
NYK103292,tier2,makeup,on_time,wrong_item,unresolved,app,1,0
NYK103293,tier2,skincare,on_time,correct,not_applicable,app,0,0
NYK103294,tier2,haircare,on_time,damaged,denied,app,1,0
NYK103295,tier3,makeup,on_time,wrong_item,refunded,social,0,0
NYK103296,tier3,haircare,on_time,correct,not_applicable,app,0,0
NYK103297,tier2,skincare,on_time,correct,not_applicable,app,0,0
NYK103298,tier2,skincare,on_time,correct,not_applicable,none,0,0
NYK103299,metro,skincare,on_time,correct,not_applicable,email,0,0
NYK103300,tier3,haircare,on_time,correct,not_applicable,app,0,0
NYK103301,metro,makeup,delayed,correct,denied,email,0,1
NYK103302,metro,skincare,delayed,correct,replaced,app,0,1
NYK103303,tier3,makeup,delayed,correct,denied,call,0,1
NYK103304,tier2,haircare,on_time,correct,not_applicable,call,0,0
NYK103305,metro,skincare,on_time,correct,not_applicable,email,0,0
NYK103306,metro,haircare,delayed,correct,unresolved,social,0,1
NYK103307,metro,haircare,on_time,correct,not_applicable,call,0,0
NYK103308,tier2,makeup,on_time,correct,not_applicable,app,0,0
NYK103309,metro,wellness,on_time,correct,not_applicable,call,0,0
NYK103310,tier3,haircare,on_time,correct,not_applicable,social,0,0
NYK103311,tier3,skincare,on_time,correct,not_applicable,social,0,0
NYK103312,tier2,skincare,on_time,correct,not_applicable,social,0,0
NYK103313,tier2,skincare,on_time,correct,not_applicable,none,0,0
NYK103314,metro,skincare,on_time,correct,not_applicable,social,0,0
NYK103315,metro,makeup,on_time,correct,not_applicable,none,0,0
NYK103316,tier2,wellness,on_time,correct,not_applicable,email,0,0
NYK103317,metro,haircare,on_time,damaged,denied,app,1,0
NYK103318,metro,skincare,on_time,correct,not_applicable,email,0,0
NYK103319,metro,makeup,on_time,correct,not_applicable,app,0,0
NYK103320,metro,skincare,on_time,wrong_item,unresolved,app,1,0
NYK103321,tier2,makeup,on_time,correct,not_applicable,call,0,0
NYK103322,tier2,skincare,on_time,correct,not_applicable,call,0,0
NYK103323,tier3,wellness,not_delivered,correct,replaced,email,0,1
NYK103324,tier2,haircare,on_time,correct,not_applicable,call,0,0
NYK103325,tier3,skincare,on_time,correct,not_applicable,app,0,0
NYK103326,tier2,haircare,delayed,correct,replaced,none,0,1
NYK103327,tier3,makeup,on_time,correct,not_applicable,email,0,0
NYK103328,tier2,haircare,on_time,correct,not_applicable,app,0,0
NYK103329,metro,makeup,on_time,correct,not_applicable,app,0,0
NYK103330,tier3,skincare,on_time,correct,not_applicable,app,0,0
NYK103331,metro,makeup,on_time,correct,not_applicable,none,0,0
NYK103332,metro,skincare,on_time,correct,not_applicable,app,0,0
NYK103333,metro,makeup,on_time,damaged,denied,none,1,0
NYK103334,metro,skincare,on_time,correct,not_applicable,app,0,0
NYK103335,metro,haircare,on_time,correct,not_applicable,social,0,0
NYK103336,tier2,haircare,on_time,correct,not_applicable,app,0,0
NYK103337,tier3,skincare,delayed,correct,denied,call,0,1
NYK103338,metro,makeup,on_time,correct,not_applicable,call,0,0
NYK103339,tier2,haircare,on_time,correct,not_applicable,call,0,0
NYK103340,metro,skincare,on_time,correct,not_applicable,none,0,0
NYK103341,tier3,makeup,on_time,correct,not_applicable,email,0,0
NYK103342,metro,haircare,on_time,correct,not_applicable,app,0,0
NYK103343,metro,makeup,on_time,correct,not_applicable,social,0,0
NYK103344,tier2,haircare,on_time,correct,not_applicable,app,0,0
NYK103345,tier2,makeup,delayed,correct,refunded,none,0,1
NYK103346,tier3,makeup,delayed,correct,replaced,call,0,1
NYK103347,tier2,skincare,on_time,correct,not_applicable,app,0,0
NYK103348,tier3,skincare,on_time,correct,not_applicable,app,0,0
NYK103349,metro,skincare,on_time,correct,not_applicable,app,0,0
NYK103350,metro,wellness,on_time,correct,not_applicable,none,0,0
NYK103351,metro,haircare,delayed,correct,refunded,call,0,1
NYK103352,metro,haircare,on_time,correct,not_applicable,app,0,0
NYK103353,metro,skincare,on_time,correct,not_applicable,social,0,0
NYK103354,tier2,makeup,delayed,correct,refunded,app,0,1
NYK103355,metro,haircare,on_time,correct,not_applicable,app,0,0
NYK103356,tier2,haircare,on_time,correct,not_applicable,email,0,0
NYK103357,tier2,skincare,on_time,correct,not_applicable,app,0,0
NYK103358,tier2,haircare,on_time,correct,not_applicable,social,0,0
NYK103359,tier2,skincare,on_time,correct,not_applicable,email,0,0
NYK103360,metro,skincare,on_time,correct,not_applicable,app,0,0
NYK103361,metro,wellness,on_time,correct,not_applicable,call,0,0
NYK103362,tier2,makeup,on_time,correct,not_applicable,app,0,0
NYK103363,tier2,makeup,delayed,correct,unresolved,call,0,1
NYK103364,metro,makeup,on_time,correct,not_applicable,email,0,0
NYK103365,metro,wellness,on_time,correct,not_applicable,social,0,0
NYK103366,tier2,skincare,on_time,damaged,refunded,call,0,0
NYK103367,tier2,haircare,on_time,correct,not_applicable,social,0,0
NYK103368,metro,skincare,on_time,correct,not_applicable,app,0,0
NYK103369,tier2,skincare,on_time,correct,not_applicable,none,0,0
NYK103370,tier3,makeup,on_time,correct,not_applicable,app,0,0
NYK103371,metro,makeup,on_time,correct,not_applicable,social,0,0
NYK103372,tier3,skincare,on_time,damaged,denied,call,1,0
NYK103373,metro,makeup,on_time,correct,not_applicable,app,0,0
NYK103374,tier2,makeup,delayed,correct,replaced,call,0,1
NYK103375,tier2,makeup,delayed,correct,denied,none,0,1
NYK103376,metro,haircare,on_time,correct,not_applicable,social,0,0
NYK103377,tier3,haircare,delayed,correct,unresolved,email,0,1
NYK103378,tier2,makeup,delayed,wrong_item,denied,call,1,1
NYK103379,tier3,makeup,delayed,wrong_item,denied,email,1,1
NYK103380,metro,makeup,on_time,correct,not_applicable,app,0,0
NYK103381,tier3,makeup,on_time,correct,not_applicable,email,0,0
NYK103382,tier3,skincare,on_time,correct,not_applicable,app,0,0
NYK103383,tier2,skincare,on_time,correct,not_applicable,social,0,0
NYK103384,metro,skincare,on_time,correct,not_applicable,email,0,0
NYK103385,tier2,makeup,on_time,correct,not_applicable,call,0,0
NYK103386,tier2,wellness,on_time,wrong_item,refunded,email,0,0
NYK103387,tier3,makeup,delayed,correct,replaced,call,0,1
NYK103388,tier2,makeup,on_time,correct,not_applicable,app,0,0
NYK103389,metro,makeup,not_delivered,correct,denied,app,0,1
NYK103390,metro,haircare,on_time,correct,not_applicable,app,0,0
NYK103391,tier2,makeup,delayed,correct,denied,app,0,1
NYK103392,tier3,makeup,delayed,correct,denied,email,0,1
NYK103393,metro,haircare,on_time,wrong_item,denied,email,1,0
NYK103394,tier2,skincare,on_time,correct,not_applicable,call,0,0
NYK103395,tier3,makeup,delayed,correct,refunded,none,0,1
NYK103396,metro,makeup,on_time,correct,not_applicable,none,0,0
NYK103397,metro,haircare,on_time,correct,not_applicable,app,0,0
NYK103398,tier2,wellness,on_time,wrong_item,refunded,call,0,0
NYK103399,tier2,haircare,on_time,correct,not_applicable,none,0,0
NYK103400,metro,makeup,on_time,correct,not_applicable,app,0,0
NYK103401,tier3,skincare,on_time,correct,not_applicable,call,0,0
NYK103402,tier2,makeup,on_time,correct,not_applicable,none,0,0
NYK103403,tier3,haircare,on_time,correct,not_applicable,social,0,0
NYK103404,tier3,wellness,on_time,correct,not_applicable,social,0,0
NYK103405,tier3,haircare,on_time,correct,not_applicable,none,0,0
NYK103406,tier2,skincare,on_time,correct,not_applicable,app,0,0
NYK103407,metro,haircare,on_time,correct,not_applicable,email,0,0
NYK103408,tier2,haircare,on_time,correct,not_applicable,social,0,0
NYK103409,metro,haircare,on_time,correct,not_applicable,app,0,0
NYK103410,tier2,haircare,delayed,correct,unresolved,app,0,1
NYK103411,metro,makeup,on_time,correct,not_applicable,app,0,0
NYK103412,tier2,makeup,on_time,damaged,replaced,email,0,0
NYK103413,metro,skincare,on_time,correct,not_applicable,email,0,0
NYK103414,metro,skincare,on_time,correct,not_applicable,none,0,0
NYK103415,metro,haircare,on_time,correct,not_applicable,call,0,0
NYK103416,tier2,wellness,delayed,correct,denied,email,0,1
NYK103417,tier3,haircare,on_time,correct,not_applicable,app,0,0
NYK103418,metro,skincare,on_time,correct,not_applicable,none,0,0
NYK103419,tier3,skincare,on_time,correct,not_applicable,email,0,0
NYK103420,tier3,skincare,on_time,wrong_item,replaced,email,0,0
NYK103421,metro,haircare,on_time,correct,not_applicable,app,0,0
NYK103422,tier2,haircare,not_delivered,correct,unresolved,app,0,1
NYK103423,tier2,wellness,on_time,correct,not_applicable,app,0,0
NYK103424,metro,skincare,on_time,correct,not_applicable,social,0,0
NYK103425,tier2,makeup,on_time,correct,not_applicable,app,0,0
NYK103426,metro,haircare,not_delivered,wrong_item,unresolved,social,1,1
NYK103427,tier3,skincare,on_time,wrong_item,refunded,app,0,0
NYK103428,tier3,wellness,on_time,correct,not_applicable,call,0,0
NYK103429,tier3,makeup,delayed,correct,unresolved,app,0,1
NYK103430,tier2,skincare,delayed,correct,refunded,app,0,1
NYK103431,tier2,skincare,on_time,correct,not_applicable,call,0,0
NYK103432,tier3,haircare,on_time,correct,not_applicable,call,0,0
NYK103433,metro,makeup,on_time,correct,not_applicable,call,0,0
NYK103434,metro,haircare,on_time,correct,not_applicable,email,0,0
NYK103435,tier2,haircare,on_time,correct,not_applicable,call,0,0
NYK103436,metro,makeup,on_time,correct,not_applicable,email,0,0
NYK103437,metro,haircare,on_time,wrong_item,replaced,email,0,0
NYK103438,metro,wellness,on_time,correct,not_applicable,app,0,0
NYK103439,tier2,skincare,on_time,correct,not_applicable,call,0,0
NYK103440,metro,haircare,on_time,damaged,unresolved,app,1,0
NYK103441,metro,skincare,on_time,correct,not_applicable,app,0,0
NYK103442,metro,skincare,on_time,correct,not_applicable,app,0,0
NYK103443,metro,makeup,on_time,correct,not_applicable,email,0,0
NYK103444,tier3,haircare,on_time,correct,not_applicable,app,0,0
NYK103445,metro,skincare,on_time,correct,not_applicable,none,0,0
NYK103446,tier2,makeup,delayed,correct,refunded,social,0,1
NYK103447,tier3,haircare,on_time,correct,not_applicable,app,0,0
NYK103448,metro,skincare,delayed,correct,refunded,email,0,1
NYK103449,tier3,haircare,on_time,correct,not_applicable,app,0,0
NYK103450,tier2,wellness,on_time,correct,not_applicable,app,0,0
NYK103451,tier2,skincare,on_time,wrong_item,denied,none,1,0
NYK103452,metro,skincare,on_time,correct,not_applicable,call,0,0
NYK103453,metro,wellness,on_time,correct,not_applicable,app,0,0
NYK103454,tier3,skincare,on_time,wrong_item,unresolved,none,1,0
NYK103455,tier3,skincare,on_time,wrong_item,refunded,none,0,0
NYK103456,tier3,wellness,on_time,correct,not_applicable,call,0,0
NYK103457,tier3,haircare,delayed,correct,denied,email,0,1
NYK103458,metro,haircare,on_time,correct,not_applicable,social,0,0
NYK103459,tier3,makeup,on_time,correct,not_applicable,email,0,0
NYK103460,tier2,wellness,on_time,correct,not_applicable,call,0,0
NYK103461,tier3,haircare,on_time,correct,not_applicable,social,0,0
NYK103462,metro,haircare,on_time,correct,not_applicable,call,0,0
NYK103463,metro,haircare,on_time,correct,not_applicable,app,0,0
NYK103464,tier3,haircare,on_time,correct,not_applicable,app,0,0
NYK103465,tier3,makeup,on_time,correct,not_applicable,call,0,0
NYK103466,tier2,makeup,on_time,correct,not_applicable,app,0,0
NYK103467,metro,makeup,on_time,correct,not_applicable,app,0,0
NYK103468,metro,makeup,on_time,correct,not_applicable,call,0,0
NYK103469,tier3,makeup,on_time,correct,not_applicable,none,0,0
NYK103470,tier2,makeup,on_time,correct,not_applicable,app,0,0
NYK103471,tier2,haircare,on_time,correct,not_applicable,app,0,0
NYK103472,tier2,makeup,on_time,correct,not_applicable,social,0,0
NYK103473,tier2,skincare,on_time,correct,not_applicable,call,0,0
NYK103474,tier2,skincare,on_time,correct,not_applicable,social,0,0
NYK103475,tier2,skincare,on_time,correct,not_applicable,call,0,0
NYK103476,tier3,haircare,on_time,wrong_item,replaced,email,0,0
NYK103477,tier3,makeup,on_time,correct,not_applicable,app,0,0
NYK103478,tier3,skincare,delayed,correct,replaced,call,0,1
NYK103479,tier2,haircare,delayed,correct,denied,email,0,1
NYK103480,tier2,skincare,on_time,correct,not_applicable,app,0,0
NYK103481,tier2,skincare,on_time,correct,not_applicable,app,0,0
NYK103482,tier3,haircare,on_time,correct,not_applicable,call,0,0
NYK103483,tier2,makeup,on_time,correct,not_applicable,email,0,0
NYK103484,tier2,haircare,on_time,correct,not_applicable,call,0,0
NYK103485,tier2,haircare,delayed,correct,replaced,email,0,1
NYK103486,tier2,wellness,on_time,correct,not_applicable,email,0,0
NYK103487,tier2,skincare,on_time,correct,not_applicable,app,0,0
NYK103488,metro,haircare,on_time,correct,not_applicable,none,0,0
NYK103489,tier2,haircare,not_delivered,correct,denied,social,0,1
NYK103490,tier2,skincare,on_time,correct,not_applicable,app,0,0
NYK103491,metro,wellness,on_time,wrong_item,denied,call,1,0
NYK103492,tier3,makeup,delayed,correct,unresolved,call,0,1
NYK103493,tier2,haircare,on_time,wrong_item,denied,none,1,0
NYK103494,metro,makeup,on_time,correct,not_applicable,call,0,0
NYK103495,tier3,makeup,on_time,correct,not_applicable,call,0,0
NYK103496,tier2,skincare,on_time,correct,not_applicable,none,0,0
NYK103497,tier3,wellness,on_time,correct,not_applicable,email,0,0
NYK103498,metro,makeup,on_time,wrong_item,refunded,app,0,0
NYK103499,tier3,skincare,delayed,correct,denied,email,0,1
NYK103500,tier2,skincare,delayed,correct,denied,social,0,1
NYK103501,tier2,haircare,on_time,correct,not_applicable,call,0,0
NYK103502,metro,skincare,on_time,correct,not_applicable,call,0,0
NYK103503,tier2,makeup,on_time,correct,not_applicable,email,0,0
NYK103504,tier2,haircare,on_time,correct,not_applicable,call,0,0
NYK103505,tier2,skincare,on_time,correct,not_applicable,none,0,0
NYK103506,tier2,makeup,on_time,correct,not_applicable,call,0,0
NYK103507,tier3,skincare,delayed,correct,refunded,email,0,1
NYK103508,tier2,wellness,on_time,correct,not_applicable,social,0,0
NYK103509,metro,haircare,on_time,damaged,denied,app,1,0
NYK103510,tier3,skincare,on_time,correct,not_applicable,app,0,0
NYK103511,tier2,makeup,on_time,correct,not_applicable,none,0,0
NYK103512,tier3,makeup,delayed,damaged,denied,email,1,1
NYK103513,tier3,wellness,on_time,correct,not_applicable,call,0,0
NYK103514,tier3,makeup,on_time,correct,not_applicable,app,0,0
NYK103515,tier3,makeup,delayed,correct,refunded,app,0,1
NYK103516,tier2,wellness,on_time,correct,not_applicable,app,0,0
NYK103517,metro,skincare,on_time,damaged,replaced,call,0,0
NYK103518,tier2,makeup,on_time,correct,not_applicable,email,0,0
NYK103519,tier3,skincare,on_time,correct,not_applicable,app,0,0
NYK103520,tier2,makeup,on_time,correct,not_applicable,email,0,0
NYK103521,tier3,makeup,delayed,correct,replaced,none,0,1
NYK103522,metro,wellness,on_time,wrong_item,replaced,none,0,0
NYK103523,metro,makeup,on_time,correct,not_applicable,social,0,0
NYK103524,tier2,skincare,on_time,correct,not_applicable,call,0,0
NYK103525,tier2,haircare,on_time,correct,not_applicable,call,0,0
NYK103526,metro,haircare,on_time,correct,not_applicable,call,0,0
NYK103527,metro,haircare,on_time,correct,not_applicable,app,0,0
NYK103528,tier3,haircare,on_time,correct,not_applicable,none,0,0
NYK103529,tier2,skincare,on_time,correct,not_applicable,email,0,0
NYK103530,metro,makeup,on_time,damaged,unresolved,email,1,0
NYK103531,metro,skincare,on_time,wrong_item,refunded,app,0,0
NYK103532,tier2,skincare,on_time,correct,not_applicable,app,0,0
NYK103533,metro,wellness,delayed,correct,denied,none,0,1
NYK103534,tier2,haircare,on_time,correct,not_applicable,app,0,0
NYK103535,tier3,skincare,on_time,correct,not_applicable,app,0,0
NYK103536,metro,skincare,on_time,correct,not_applicable,email,0,0
NYK103537,tier2,wellness,delayed,correct,denied,email,0,1
NYK103538,metro,skincare,on_time,correct,not_applicable,app,0,0
NYK103539,metro,skincare,delayed,correct,replaced,app,0,1
NYK103540,tier3,skincare,on_time,correct,not_applicable,social,0,0
NYK103541,tier2,skincare,not_delivered,correct,replaced,none,0,1
NYK103542,tier3,skincare,on_time,correct,not_applicable,call,0,0
NYK103543,metro,wellness,on_time,correct,not_applicable,social,0,0
NYK103544,metro,skincare,on_time,correct,not_applicable,call,0,0
NYK103545,tier2,makeup,delayed,correct,refunded,email,0,1
NYK103546,tier2,haircare,not_delivered,correct,refunded,email,0,1
NYK103547,tier3,makeup,on_time,correct,not_applicable,social,0,0
NYK103548,metro,haircare,on_time,correct,not_applicable,social,0,0
NYK103549,tier3,haircare,on_time,correct,not_applicable,app,0,0
NYK103550,tier3,makeup,on_time,correct,not_applicable,app,0,0
NYK103551,tier2,makeup,on_time,correct,not_applicable,social,0,0
NYK103552,metro,haircare,on_time,correct,not_applicable,app,0,0
NYK103553,tier2,haircare,delayed,correct,replaced,email,0,1
NYK103554,metro,haircare,delayed,correct,refunded,call,0,1
NYK103555,tier3,skincare,on_time,correct,not_applicable,app,0,0
NYK103556,tier2,haircare,on_time,correct,not_applicable,email,0,0
NYK103557,tier3,haircare,not_delivered,correct,denied,call,0,1
NYK103558,tier2,skincare,delayed,correct,denied,none,0,1
NYK103559,tier2,haircare,on_time,correct,not_applicable,app,0,0
NYK103560,tier2,skincare,on_time,correct,not_applicable,app,0,0
NYK103561,tier2,skincare,on_time,correct,not_applicable,app,0,0
NYK103562,tier3,haircare,delayed,correct,refunded,app,0,1
NYK103563,metro,skincare,on_time,correct,not_applicable,email,0,0
NYK103564,tier3,makeup,on_time,correct,not_applicable,call,0,0
NYK103565,tier3,makeup,delayed,correct,replaced,app,0,1
NYK103566,tier3,haircare,on_time,correct,not_applicable,none,0,0
NYK103567,tier2,makeup,on_time,correct,not_applicable,app,0,0
NYK103568,tier3,haircare,on_time,correct,not_applicable,call,0,0
NYK103569,metro,haircare,delayed,correct,unresolved,none,0,1
NYK103570,tier3,makeup,on_time,correct,not_applicable,email,0,0
NYK103571,metro,wellness,on_time,correct,not_applicable,call,0,0
NYK103572,metro,haircare,delayed,correct,refunded,none,0,1
NYK103573,tier2,makeup,on_time,correct,not_applicable,call,0,0
NYK103574,metro,wellness,on_time,correct,not_applicable,app,0,0
NYK103575,metro,makeup,on_time,correct,not_applicable,app,0,0
NYK103576,tier3,skincare,on_time,correct,not_applicable,none,0,0
NYK103577,metro,skincare,not_delivered,correct,denied,app,0,1
NYK103578,tier2,makeup,delayed,wrong_item,refunded,social,0,1
NYK103579,metro,skincare,on_time,correct,not_applicable,app,0,0
NYK103580,tier3,makeup,on_time,correct,not_applicable,app,0,0
NYK103581,tier3,makeup,on_time,correct,not_applicable,none,0,0
NYK103582,tier2,makeup,on_time,correct,not_applicable,none,0,0
NYK103583,tier2,skincare,on_time,damaged,unresolved,app,1,0
NYK103584,tier3,haircare,on_time,correct,not_applicable,app,0,0
NYK103585,tier3,makeup,delayed,correct,replaced,email,0,1
NYK103586,metro,skincare,on_time,correct,not_applicable,call,0,0
NYK103587,tier2,makeup,on_time,correct,not_applicable,call,0,0
NYK103588,tier3,makeup,on_time,correct,not_applicable,app,0,0
NYK103589,metro,makeup,on_time,correct,not_applicable,none,0,0
NYK103590,tier3,makeup,on_time,correct,not_applicable,app,0,0
NYK103591,metro,skincare,on_time,correct,not_applicable,app,0,0
NYK103592,tier3,haircare,on_time,correct,not_applicable,call,0,0
NYK103593,metro,makeup,on_time,correct,not_applicable,app,0,0
NYK103594,metro,skincare,on_time,correct,not_applicable,call,0,0
NYK103595,tier3,haircare,on_time,correct,not_applicable,call,0,0
NYK103596,tier3,haircare,on_time,correct,not_applicable,email,0,0
NYK103597,tier3,makeup,delayed,correct,replaced,call,0,1
NYK103598,tier3,makeup,on_time,correct,not_applicable,app,0,0
NYK103599,tier2,makeup,on_time,correct,not_applicable,none,0,0
NYK103600,metro,makeup,on_time,wrong_item,replaced,call,0,0
NYK103601,metro,skincare,on_time,correct,not_applicable,call,0,0
NYK103602,tier2,skincare,on_time,correct,not_applicable,app,0,0
NYK103603,metro,wellness,on_time,correct,not_applicable,email,0,0
NYK103604,tier3,haircare,on_time,correct,not_applicable,social,0,0
NYK103605,metro,makeup,on_time,correct,not_applicable,email,0,0
NYK103606,metro,skincare,on_time,correct,not_applicable,social,0,0
NYK103607,metro,haircare,delayed,correct,replaced,app,0,1
NYK103608,metro,skincare,on_time,damaged,denied,none,1,0
NYK103609,metro,skincare,on_time,wrong_item,refunded,app,0,0
NYK103610,tier2,skincare,delayed,correct,refunded,app,0,1
NYK103611,metro,haircare,on_time,correct,not_applicable,call,0,0
NYK103612,tier2,makeup,on_time,correct,not_applicable,app,0,0
NYK103613,tier3,skincare,on_time,wrong_item,refunded,call,0,0
NYK103614,tier2,skincare,delayed,correct,denied,app,0,1
NYK103615,tier2,makeup,on_time,correct,not_applicable,email,0,0
NYK103616,metro,makeup,on_time,correct,not_applicable,social,0,0
NYK103617,metro,haircare,not_delivered,correct,unresolved,email,0,1
NYK103618,metro,skincare,on_time,correct,not_applicable,call,0,0
NYK103619,tier3,haircare,delayed,correct,refunded,call,0,1
NYK103620,tier2,wellness,on_time,correct,not_applicable,social,0,0
NYK103621,metro,makeup,on_time,correct,not_applicable,call,0,0
NYK103622,tier2,skincare,on_time,correct,not_applicable,call,0,0
NYK103623,tier3,haircare,not_delivered,correct,unresolved,app,0,1
NYK103624,tier2,skincare,on_time,correct,not_applicable,app,0,0
NYK103625,tier2,skincare,on_time,correct,not_applicable,call,0,0
NYK103626,tier3,skincare,delayed,correct,denied,email,0,1
NYK103627,tier2,wellness,on_time,correct,not_applicable,social,0,0
NYK103628,tier2,makeup,delayed,correct,refunded,none,0,1
NYK103629,metro,haircare,on_time,correct,not_applicable,call,0,0
NYK103630,metro,makeup,on_time,correct,not_applicable,call,0,0
NYK103631,tier3,makeup,delayed,correct,refunded,social,0,1
NYK103632,tier2,skincare,delayed,correct,replaced,call,0,1
NYK103633,tier2,makeup,on_time,correct,not_applicable,call,0,0
NYK103634,tier2,skincare,on_time,wrong_item,refunded,email,0,0
NYK103635,metro,makeup,on_time,correct,not_applicable,app,0,0
NYK103636,tier3,skincare,on_time,correct,not_applicable,app,0,0
NYK103637,metro,makeup,on_time,correct,not_applicable,call,0,0
NYK103638,tier3,makeup,delayed,correct,denied,email,0,1
NYK103639,tier2,skincare,on_time,damaged,replaced,app,0,0
NYK103640,metro,skincare,on_time,correct,not_applicable,app,0,0
NYK103641,metro,wellness,on_time,correct,not_applicable,app,0,0
NYK103642,tier3,skincare,on_time,correct,not_applicable,social,0,0
NYK103643,metro,skincare,on_time,correct,not_applicable,none,0,0
NYK103644,metro,skincare,on_time,correct,not_applicable,none,0,0
NYK103645,tier3,makeup,delayed,correct,replaced,social,0,1
NYK103646,metro,haircare,on_time,correct,not_applicable,app,0,0
NYK103647,metro,skincare,on_time,wrong_item,denied,app,1,0
NYK103648,metro,makeup,on_time,correct,not_applicable,call,0,0
NYK103649,tier3,makeup,on_time,correct,not_applicable,call,0,0
NYK103650,metro,skincare,on_time,correct,not_applicable,email,0,0
NYK103651,metro,wellness,on_time,correct,not_applicable,app,0,0
NYK103652,metro,wellness,on_time,correct,not_applicable,none,0,0
NYK103653,metro,skincare,on_time,correct,not_applicable,call,0,0
NYK103654,metro,skincare,on_time,wrong_item,refunded,email,0,0
NYK103655,metro,skincare,on_time,correct,not_applicable,none,0,0
NYK103656,metro,skincare,delayed,correct,unresolved,call,0,1
NYK103657,tier2,makeup,on_time,correct,not_applicable,social,0,0
NYK103658,tier3,makeup,on_time,correct,not_applicable,email,0,0
NYK103659,metro,makeup,on_time,correct,not_applicable,social,0,0
NYK103660,metro,skincare,on_time,correct,not_applicable,social,0,0
NYK103661,tier3,skincare,on_time,correct,not_applicable,call,0,0
NYK103662,tier3,wellness,delayed,correct,denied,call,0,1
NYK103663,tier2,wellness,on_time,correct,not_applicable,social,0,0
NYK103664,metro,skincare,on_time,correct,not_applicable,email,0,0
NYK103665,tier2,haircare,on_time,correct,not_applicable,email,0,0
NYK103666,metro,makeup,on_time,correct,not_applicable,call,0,0
NYK103667,metro,haircare,delayed,correct,refunded,app,0,1
NYK103668,metro,makeup,on_time,correct,not_applicable,call,0,0
NYK103669,tier2,haircare,on_time,correct,not_applicable,none,0,0
NYK103670,metro,skincare,delayed,wrong_item,replaced,app,0,1
NYK103671,tier2,skincare,delayed,correct,refunded,app,0,1
NYK103672,metro,wellness,on_time,correct,not_applicable,app,0,0
NYK103673,metro,skincare,on_time,correct,not_applicable,call,0,0
NYK103674,tier3,skincare,on_time,damaged,unresolved,app,1,0
NYK103675,tier3,haircare,not_delivered,correct,replaced,email,0,1
NYK103676,metro,haircare,on_time,correct,not_applicable,app,0,0
NYK103677,tier2,haircare,on_time,correct,not_applicable,app,0,0
NYK103678,metro,haircare,on_time,correct,not_applicable,app,0,0
NYK103679,metro,haircare,on_time,correct,not_applicable,app,0,0
NYK103680,tier2,skincare,on_time,wrong_item,unresolved,social,1,0
NYK103681,metro,makeup,on_time,correct,not_applicable,none,0,0
NYK103682,tier2,haircare,on_time,correct,not_applicable,social,0,0
NYK103683,tier2,haircare,on_time,correct,not_applicable,none,0,0
NYK103684,metro,skincare,on_time,wrong_item,unresolved,app,1,0
NYK103685,metro,skincare,on_time,correct,not_applicable,none,0,0
NYK103686,metro,haircare,on_time,correct,not_applicable,call,0,0
NYK103687,tier3,skincare,on_time,correct,not_applicable,social,0,0
NYK103688,tier2,skincare,on_time,correct,not_applicable,email,0,0
NYK103689,metro,haircare,on_time,correct,not_applicable,call,0,0
NYK103690,metro,makeup,on_time,correct,not_applicable,app,0,0
NYK103691,tier2,skincare,on_time,correct,not_applicable,app,0,0
NYK103692,metro,skincare,on_time,correct,not_applicable,call,0,0
NYK103693,tier2,skincare,on_time,correct,not_applicable,call,0,0
NYK103694,tier3,haircare,on_time,correct,not_applicable,none,0,0
NYK103695,tier2,makeup,on_time,correct,not_applicable,app,0,0
NYK103696,metro,skincare,on_time,correct,not_applicable,email,0,0
NYK103697,metro,makeup,on_time,correct,not_applicable,call,0,0
NYK103698,metro,skincare,on_time,correct,not_applicable,app,0,0
NYK103699,tier2,skincare,on_time,correct,not_applicable,call,0,0
NYK103700,tier3,skincare,delayed,correct,replaced,call,0,1
NYK103701,metro,makeup,on_time,correct,not_applicable,call,0,0
NYK103702,tier2,skincare,on_time,wrong_item,denied,app,1,0
NYK103703,tier2,skincare,on_time,correct,not_applicable,app,0,0
NYK103704,metro,makeup,on_time,correct,not_applicable,app,0,0
NYK103705,metro,makeup,on_time,correct,not_applicable,social,0,0
NYK103706,metro,skincare,on_time,correct,not_applicable,social,0,0
NYK103707,tier2,skincare,on_time,correct,not_applicable,app,0,0
NYK103708,tier2,skincare,delayed,wrong_item,replaced,email,0,1
NYK103709,tier2,makeup,on_time,correct,not_applicable,none,0,0
NYK103710,tier3,haircare,on_time,correct,not_applicable,app,0,0
NYK103711,tier3,skincare,on_time,correct,not_applicable,app,0,0
NYK103712,tier3,haircare,not_delivered,correct,refunded,app,0,1
NYK103713,tier3,haircare,on_time,correct,not_applicable,app,0,0
NYK103714,tier3,skincare,on_time,correct,not_applicable,social,0,0
NYK103715,tier3,skincare,on_time,wrong_item,unresolved,social,1,0
NYK103716,tier2,skincare,on_time,correct,not_applicable,call,0,0
NYK103717,tier3,skincare,on_time,correct,not_applicable,call,0,0
NYK103718,tier3,makeup,on_time,correct,not_applicable,social,0,0
NYK103719,tier2,skincare,on_time,correct,not_applicable,app,0,0
NYK103720,tier2,haircare,on_time,wrong_item,replaced,app,0,0
NYK103721,tier2,makeup,on_time,correct,not_applicable,app,0,0
NYK103722,tier3,haircare,on_time,correct,not_applicable,none,0,0
NYK103723,tier2,haircare,on_time,correct,not_applicable,email,0,0
NYK103724,tier3,makeup,delayed,correct,unresolved,email,0,1
NYK103725,tier3,wellness,not_delivered,correct,denied,email,0,1
NYK103726,tier3,wellness,on_time,correct,not_applicable,app,0,0
NYK103727,metro,makeup,on_time,correct,not_applicable,call,0,0
NYK103728,tier2,skincare,on_time,correct,not_applicable,social,0,0
NYK103729,tier3,makeup,delayed,correct,refunded,none,0,1
NYK103730,tier3,skincare,on_time,wrong_item,replaced,call,0,0
NYK103731,tier3,makeup,on_time,correct,not_applicable,app,0,0
NYK103732,tier2,makeup,on_time,wrong_item,refunded,none,0,0
NYK103733,tier2,makeup,on_time,wrong_item,refunded,call,0,0
NYK103734,metro,haircare,on_time,wrong_item,denied,call,1,0
NYK103735,tier3,skincare,delayed,correct,refunded,app,0,1
NYK103736,metro,makeup,on_time,correct,not_applicable,app,0,0
NYK103737,tier2,skincare,on_time,correct,not_applicable,email,0,0
NYK103738,tier3,haircare,delayed,correct,unresolved,email,0,1
NYK103739,tier2,makeup,on_time,correct,not_applicable,app,0,0
NYK103740,metro,skincare,on_time,correct,not_applicable,app,0,0
NYK103741,metro,haircare,on_time,correct,not_applicable,call,0,0
NYK103742,tier3,skincare,on_time,correct,not_applicable,call,0,0
NYK103743,tier2,haircare,on_time,wrong_item,replaced,call,0,0
NYK103744,metro,makeup,on_time,correct,not_applicable,app,0,0
NYK103745,tier2,makeup,delayed,wrong_item,replaced,none,0,1
NYK103746,metro,haircare,on_time,correct,not_applicable,none,0,0
NYK103747,tier3,haircare,on_time,correct,not_applicable,call,0,0
NYK103748,metro,haircare,on_time,correct,not_applicable,email,0,0
NYK103749,metro,makeup,on_time,correct,not_applicable,none,0,0
NYK103750,metro,haircare,on_time,correct,not_applicable,app,0,0
NYK103751,tier2,makeup,on_time,correct,not_applicable,none,0,0
NYK103752,tier2,haircare,delayed,wrong_item,refunded,call,0,1
NYK103753,tier3,haircare,on_time,correct,not_applicable,email,0,0
NYK103754,tier2,skincare,on_time,correct,not_applicable,call,0,0
NYK103755,metro,skincare,on_time,correct,not_applicable,app,0,0
NYK103756,metro,skincare,delayed,correct,refunded,social,0,1
NYK103757,metro,skincare,on_time,correct,not_applicable,email,0,0
NYK103758,tier3,makeup,on_time,correct,not_applicable,app,0,0
NYK103759,metro,skincare,on_time,correct,not_applicable,email,0,0
NYK103760,tier3,makeup,on_time,correct,not_applicable,none,0,0
NYK103761,metro,skincare,on_time,correct,not_applicable,none,0,0
NYK103762,metro,skincare,on_time,correct,not_applicable,email,0,0
NYK103763,metro,haircare,on_time,correct,not_applicable,app,0,0
NYK103764,metro,makeup,on_time,correct,not_applicable,call,0,0
NYK103765,tier3,makeup,on_time,correct,not_applicable,app,0,0
NYK103766,tier2,haircare,on_time,correct,not_applicable,social,0,0
NYK103767,metro,wellness,on_time,wrong_item,replaced,social,0,0
NYK103768,tier2,makeup,on_time,correct,not_applicable,none,0,0
NYK103769,tier2,skincare,on_time,correct,not_applicable,app,0,0
NYK103770,tier3,skincare,delayed,correct,refunded,none,0,1
NYK103771,tier3,wellness,on_time,correct,not_applicable,none,0,0
NYK103772,tier2,haircare,on_time,correct,not_applicable,email,0,0
NYK103773,tier3,haircare,on_time,correct,not_applicable,none,0,0
NYK103774,tier3,haircare,delayed,correct,denied,call,0,1
NYK103775,tier2,skincare,on_time,correct,not_applicable,call,0,0
NYK103776,tier2,makeup,on_time,correct,not_applicable,app,0,0
NYK103777,metro,haircare,on_time,correct,not_applicable,app,0,0
NYK103778,tier3,haircare,on_time,correct,not_applicable,app,0,0
NYK103779,tier3,skincare,on_time,correct,not_applicable,email,0,0
NYK103780,metro,makeup,on_time,correct,not_applicable,call,0,0
NYK103781,tier3,skincare,not_delivered,damaged,replaced,app,0,1
NYK103782,tier3,wellness,delayed,correct,refunded,app,0,1
NYK103783,metro,skincare,on_time,correct,not_applicable,email,0,0
NYK103784,tier2,haircare,delayed,correct,replaced,none,0,1
NYK103785,tier3,skincare,delayed,correct,refunded,call,0,1
NYK103786,tier3,makeup,on_time,correct,not_applicable,social,0,0
NYK103787,metro,haircare,on_time,correct,not_applicable,none,0,0
NYK103788,metro,skincare,on_time,damaged,refunded,email,0,0
NYK103789,tier2,haircare,on_time,correct,not_applicable,email,0,0
NYK103790,metro,haircare,on_time,correct,not_applicable,email,0,0
NYK103791,metro,haircare,on_time,wrong_item,denied,none,1,0
NYK103792,metro,skincare,on_time,correct,not_applicable,app,0,0
NYK103793,metro,haircare,on_time,damaged,refunded,social,0,0
NYK103794,tier2,makeup,on_time,correct,not_applicable,call,0,0
NYK103795,tier2,makeup,on_time,damaged,refunded,app,0,0
NYK103796,tier2,makeup,on_time,correct,not_applicable,email,0,0
NYK103797,tier3,makeup,on_time,correct,not_applicable,social,0,0
NYK103798,tier2,skincare,on_time,wrong_item,replaced,none,0,0
NYK103799,metro,makeup,on_time,correct,not_applicable,none,0,0
NYK103800,metro,skincare,on_time,correct,not_applicable,email,0,0
NYK103801,metro,skincare,on_time,correct,not_applicable,call,0,0
NYK103802,metro,skincare,on_time,correct,not_applicable,none,0,0
NYK103803,metro,skincare,on_time,correct,not_applicable,app,0,0
NYK103804,metro,haircare,on_time,correct,not_applicable,app,0,0
NYK103805,metro,makeup,on_time,correct,not_applicable,call,0,0
NYK103806,tier2,skincare,on_time,correct,not_applicable,email,0,0
NYK103807,tier2,haircare,on_time,correct,not_applicable,email,0,0
NYK103808,tier3,wellness,on_time,correct,not_applicable,social,0,0
NYK103809,tier3,haircare,delayed,correct,replaced,app,0,1
NYK103810,tier2,haircare,on_time,correct,not_applicable,social,0,0
NYK103811,metro,wellness,on_time,correct,not_applicable,email,0,0
NYK103812,tier2,makeup,on_time,wrong_item,unresolved,none,1,0
NYK103813,metro,wellness,on_time,correct,not_applicable,call,0,0
NYK103814,tier2,wellness,on_time,correct,not_applicable,email,0,0
NYK103815,metro,skincare,delayed,wrong_item,denied,social,1,1
NYK103816,tier2,haircare,on_time,correct,not_applicable,call,0,0
NYK103817,metro,haircare,on_time,correct,not_applicable,app,0,0
NYK103818,tier2,haircare,on_time,correct,not_applicable,app,0,0
NYK103819,tier3,haircare,delayed,correct,denied,app,0,1
NYK103820,tier3,makeup,not_delivered,correct,replaced,call,0,1
NYK103821,tier2,makeup,delayed,correct,replaced,email,0,1
NYK103822,tier2,makeup,on_time,correct,not_applicable,email,0,0
NYK103823,metro,haircare,on_time,correct,not_applicable,email,0,0
NYK103824,tier2,haircare,on_time,correct,not_applicable,app,0,0
NYK103825,tier2,haircare,on_time,correct,not_applicable,app,0,0
NYK103826,metro,haircare,on_time,correct,not_applicable,social,0,0
NYK103827,metro,wellness,on_time,correct,not_applicable,social,0,0
NYK103828,tier3,skincare,on_time,correct,not_applicable,email,0,0
NYK103829,tier2,wellness,on_time,correct,not_applicable,email,0,0
NYK103830,tier2,skincare,on_time,correct,not_applicable,none,0,0
NYK103831,tier2,makeup,on_time,correct,not_applicable,none,0,0
NYK103832,tier2,skincare,on_time,correct,not_applicable,email,0,0
NYK103833,tier2,makeup,delayed,correct,refunded,call,0,1
NYK103834,metro,makeup,on_time,correct,not_applicable,app,0,0
NYK103835,tier2,skincare,on_time,correct,not_applicable,email,0,0
NYK103836,tier2,makeup,delayed,correct,denied,call,0,1
NYK103837,metro,haircare,on_time,correct,not_applicable,app,0,0
NYK103838,tier3,skincare,on_time,correct,not_applicable,app,0,0
NYK103839,metro,haircare,on_time,correct,not_applicable,none,0,0
NYK103840,tier2,skincare,on_time,correct,not_applicable,app,0,0
NYK103841,tier2,skincare,on_time,correct,not_applicable,social,0,0
NYK103842,tier2,skincare,on_time,correct,not_applicable,none,0,0
NYK103843,tier2,makeup,on_time,correct,not_applicable,email,0,0
NYK103844,tier3,haircare,delayed,correct,replaced,app,0,1
NYK103845,tier2,makeup,on_time,correct,not_applicable,social,0,0
NYK103846,tier2,haircare,on_time,correct,not_applicable,email,0,0
NYK103847,tier2,makeup,on_time,wrong_item,refunded,app,0,0
NYK103848,metro,haircare,delayed,damaged,denied,email,1,1
NYK103849,metro,wellness,on_time,correct,not_applicable,app,0,0
NYK103850,tier2,makeup,on_time,correct,not_applicable,email,0,0
NYK103851,metro,skincare,on_time,correct,not_applicable,none,0,0
NYK103852,metro,skincare,on_time,correct,not_applicable,call,0,0
NYK103853,metro,makeup,on_time,correct,not_applicable,none,0,0
NYK103854,tier2,makeup,on_time,correct,not_applicable,call,0,0
NYK103855,metro,skincare,on_time,correct,not_applicable,none,0,0
NYK103856,tier3,haircare,delayed,correct,denied,social,0,1
NYK103857,tier2,wellness,on_time,damaged,replaced,app,0,0
NYK103858,tier2,skincare,on_time,correct,not_applicable,none,0,0
NYK103859,metro,skincare,on_time,correct,not_applicable,none,0,0
NYK103860,tier2,skincare,on_time,correct,not_applicable,call,0,0
NYK103861,metro,makeup,on_time,correct,not_applicable,social,0,0
NYK103862,tier2,haircare,on_time,wrong_item,refunded,app,0,0
NYK103863,metro,makeup,on_time,correct,not_applicable,app,0,0
NYK103864,tier3,skincare,on_time,correct,not_applicable,app,0,0
NYK103865,metro,makeup,on_time,correct,not_applicable,call,0,0
NYK103866,tier2,skincare,on_time,correct,not_applicable,app,0,0
NYK103867,metro,makeup,on_time,correct,not_applicable,app,0,0
NYK103868,tier2,makeup,on_time,correct,not_applicable,none,0,0
NYK103869,tier2,makeup,delayed,correct,unresolved,call,0,1
NYK103870,metro,makeup,on_time,correct,not_applicable,social,0,0
NYK103871,metro,haircare,on_time,correct,not_applicable,app,0,0
NYK103872,metro,skincare,delayed,correct,refunded,app,0,1
NYK103873,metro,haircare,delayed,correct,unresolved,social,0,1
NYK103874,tier3,skincare,on_time,correct,not_applicable,call,0,0
NYK103875,tier2,skincare,on_time,correct,not_applicable,call,0,0
NYK103876,metro,haircare,on_time,correct,not_applicable,none,0,0
NYK103877,tier3,haircare,on_time,correct,not_applicable,call,0,0
NYK103878,metro,skincare,on_time,correct,not_applicable,call,0,0
NYK103879,tier2,makeup,on_time,correct,not_applicable,email,0,0
NYK103880,tier2,haircare,on_time,correct,not_applicable,app,0,0
NYK103881,tier3,wellness,on_time,correct,not_applicable,email,0,0
NYK103882,tier2,makeup,on_time,correct,not_applicable,call,0,0
NYK103883,tier2,skincare,on_time,correct,not_applicable,app,0,0
NYK103884,tier3,makeup,on_time,correct,not_applicable,call,0,0
NYK103885,metro,skincare,on_time,correct,not_applicable,call,0,0
NYK103886,tier3,skincare,not_delivered,correct,replaced,email,0,1
NYK103887,tier3,makeup,delayed,correct,unresolved,none,0,1
NYK103888,tier3,haircare,on_time,correct,not_applicable,social,0,0
NYK103889,metro,skincare,on_time,correct,not_applicable,call,0,0
NYK103890,metro,haircare,delayed,correct,unresolved,none,0,1
NYK103891,tier2,haircare,delayed,correct,replaced,social,0,1
NYK103892,tier2,haircare,delayed,correct,denied,app,0,1
NYK103893,tier2,skincare,on_time,correct,not_applicable,app,0,0
NYK103894,tier3,makeup,on_time,wrong_item,refunded,app,0,0
NYK103895,tier2,skincare,on_time,correct,not_applicable,app,0,0
NYK103896,metro,skincare,on_time,correct,not_applicable,call,0,0
NYK103897,tier2,skincare,on_time,wrong_item,refunded,call,0,0
NYK103898,metro,skincare,on_time,damaged,replaced,none,0,0
NYK103899,metro,skincare,on_time,correct,not_applicable,call,0,0
NYK103900,metro,skincare,on_time,correct,not_applicable,app,0,0
NYK103901,tier3,wellness,on_time,correct,not_applicable,none,0,0
NYK103902,tier2,haircare,on_time,correct,not_applicable,call,0,0
NYK103903,tier2,skincare,on_time,correct,not_applicable,app,0,0
NYK103904,metro,wellness,on_time,correct,not_applicable,app,0,0
NYK103905,tier2,skincare,delayed,correct,denied,email,0,1
NYK103906,tier3,makeup,on_time,correct,not_applicable,call,0,0
NYK103907,tier3,haircare,on_time,correct,not_applicable,email,0,0
NYK103908,tier2,makeup,on_time,correct,not_applicable,social,0,0
NYK103909,tier3,skincare,on_time,correct,not_applicable,email,0,0
NYK103910,tier2,makeup,on_time,correct,not_applicable,none,0,0
NYK103911,tier2,makeup,on_time,correct,not_applicable,email,0,0
NYK103912,tier3,makeup,delayed,damaged,refunded,email,0,1
NYK103913,metro,makeup,on_time,correct,not_applicable,app,0,0
NYK103914,metro,makeup,not_delivered,correct,replaced,call,0,1
NYK103915,metro,skincare,on_time,correct,not_applicable,call,0,0
NYK103916,tier2,makeup,on_time,correct,not_applicable,call,0,0
NYK103917,tier2,skincare,on_time,correct,not_applicable,call,0,0
NYK103918,tier2,haircare,on_time,correct,not_applicable,email,0,0
NYK103919,tier2,haircare,delayed,correct,unresolved,call,0,1
NYK103920,metro,makeup,on_time,wrong_item,unresolved,email,1,0
NYK103921,tier3,haircare,on_time,correct,not_applicable,call,0,0
NYK103922,metro,skincare,on_time,wrong_item,refunded,none,0,0
NYK103923,tier3,skincare,not_delivered,correct,replaced,call,0,1
NYK103924,metro,makeup,on_time,correct,not_applicable,email,0,0
NYK103925,tier2,makeup,on_time,correct,not_applicable,email,0,0
NYK103926,tier2,haircare,on_time,wrong_item,refunded,call,0,0
NYK103927,tier3,wellness,on_time,correct,not_applicable,social,0,0
NYK103928,metro,makeup,on_time,correct,not_applicable,none,0,0
NYK103929,tier3,makeup,on_time,correct,not_applicable,social,0,0
NYK103930,tier2,makeup,delayed,correct,refunded,none,0,1
NYK103931,tier2,skincare,on_time,correct,not_applicable,call,0,0
NYK103932,tier2,skincare,on_time,correct,not_applicable,none,0,0
NYK103933,metro,wellness,on_time,correct,not_applicable,none,0,0
NYK103934,tier2,haircare,on_time,correct,not_applicable,social,0,0
NYK103935,metro,wellness,on_time,correct,not_applicable,social,0,0
NYK103936,metro,skincare,on_time,correct,not_applicable,email,0,0
NYK103937,tier2,skincare,on_time,correct,not_applicable,call,0,0
NYK103938,tier2,makeup,on_time,correct,not_applicable,email,0,0
NYK103939,metro,wellness,delayed,damaged,unresolved,call,1,1
NYK103940,metro,skincare,on_time,correct,not_applicable,email,0,0
NYK103941,metro,skincare,on_time,correct,not_applicable,call,0,0
NYK103942,metro,skincare,on_time,correct,not_applicable,email,0,0
NYK103943,tier2,haircare,on_time,correct,not_applicable,call,0,0
NYK103944,metro,haircare,on_time,correct,not_applicable,call,0,0
NYK103945,tier3,haircare,delayed,correct,unresolved,app,0,1
NYK103946,metro,skincare,on_time,correct,not_applicable,app,0,0
NYK103947,metro,haircare,on_time,correct,not_applicable,email,0,0
NYK103948,tier3,makeup,delayed,correct,refunded,call,0,1
NYK103949,metro,skincare,on_time,correct,not_applicable,app,0,0
NYK103950,tier2,skincare,delayed,wrong_item,refunded,call,0,1
NYK103951,tier3,makeup,delayed,correct,replaced,call,0,1
NYK103952,tier3,skincare,delayed,wrong_item,replaced,app,0,1
NYK103953,tier2,wellness,delayed,correct,refunded,app,0,1
NYK103954,metro,makeup,not_delivered,correct,refunded,email,0,1
NYK103955,tier2,makeup,on_time,correct,not_applicable,email,0,0
NYK103956,tier3,haircare,on_time,correct,not_applicable,none,0,0
NYK103957,tier3,haircare,on_time,correct,not_applicable,app,0,0
NYK103958,metro,skincare,on_time,correct,not_applicable,call,0,0
NYK103959,metro,makeup,on_time,correct,not_applicable,app,0,0
NYK103960,metro,skincare,delayed,correct,replaced,email,0,1
NYK103961,metro,makeup,on_time,correct,not_applicable,app,0,0
NYK103962,tier2,haircare,delayed,correct,refunded,app,0,1
NYK103963,metro,makeup,on_time,correct,not_applicable,email,0,0
NYK103964,metro,makeup,on_time,correct,not_applicable,call,0,0
NYK103965,metro,skincare,delayed,damaged,denied,call,1,1
NYK103966,tier2,makeup,on_time,correct,not_applicable,email,0,0
NYK103967,metro,skincare,on_time,correct,not_applicable,social,0,0
NYK103968,tier2,wellness,on_time,correct,not_applicable,call,0,0
NYK103969,metro,makeup,on_time,correct,not_applicable,app,0,0
NYK103970,tier3,haircare,delayed,correct,denied,call,0,1
NYK103971,metro,makeup,on_time,correct,not_applicable,app,0,0
NYK103972,tier2,haircare,on_time,correct,not_applicable,app,0,0
NYK103973,metro,skincare,on_time,correct,not_applicable,call,0,0
NYK103974,metro,skincare,on_time,correct,not_applicable,app,0,0
NYK103975,metro,skincare,on_time,correct,not_applicable,app,0,0
NYK103976,metro,skincare,on_time,correct,not_applicable,email,0,0
NYK103977,metro,wellness,delayed,correct,replaced,social,0,1
NYK103978,tier2,haircare,not_delivered,correct,replaced,app,0,1
NYK103979,tier2,makeup,delayed,correct,denied,email,0,1
NYK103980,metro,makeup,on_time,correct,not_applicable,none,0,0
NYK103981,tier2,makeup,on_time,correct,not_applicable,app,0,0
NYK103982,tier2,makeup,delayed,correct,refunded,email,0,1
NYK103983,metro,haircare,on_time,correct,not_applicable,app,0,0
NYK103984,metro,makeup,not_delivered,correct,unresolved,none,0,1
NYK103985,metro,haircare,on_time,correct,not_applicable,app,0,0
NYK103986,metro,skincare,on_time,correct,not_applicable,app,0,0
NYK103987,tier2,wellness,not_delivered,correct,refunded,none,0,1
NYK103988,tier3,skincare,delayed,correct,unresolved,email,0,1
NYK103989,tier3,makeup,on_time,correct,not_applicable,app,0,0
NYK103990,tier3,haircare,delayed,correct,refunded,social,0,1
NYK103991,tier2,skincare,on_time,correct,not_applicable,none,0,0
NYK103992,metro,skincare,on_time,correct,not_applicable,call,0,0
NYK103993,metro,makeup,on_time,correct,not_applicable,app,0,0
NYK103994,metro,makeup,on_time,correct,not_applicable,app,0,0
NYK103995,metro,wellness,on_time,wrong_item,denied,none,1,0
NYK103996,metro,haircare,on_time,correct,not_applicable,app,0,0
NYK103997,tier2,makeup,on_time,correct,not_applicable,call,0,0
NYK103998,metro,wellness,on_time,correct,not_applicable,app,0,0
NYK103999,metro,makeup,on_time,correct,not_applicable,app,0,0
NYK104000,tier2,haircare,on_time,correct,not_applicable,call,0,0
NYK104001,metro,skincare,on_time,damaged,refunded,call,0,0
NYK104002,tier3,makeup,on_time,wrong_item,denied,app,1,0
NYK104003,metro,skincare,on_time,correct,not_applicable,app,0,0
NYK104004,tier2,skincare,on_time,correct,not_applicable,app,0,0
NYK104005,metro,haircare,on_time,correct,not_applicable,app,0,0
NYK104006,tier2,skincare,delayed,wrong_item,replaced,app,0,1
NYK104007,metro,makeup,not_delivered,correct,refunded,email,0,1
NYK104008,metro,haircare,delayed,correct,denied,app,0,1
NYK104009,tier2,skincare,on_time,correct,not_applicable,call,0,0
NYK104010,metro,makeup,delayed,correct,refunded,email,0,1
NYK104011,metro,haircare,on_time,correct,not_applicable,email,0,0
NYK104012,tier3,haircare,delayed,correct,replaced,email,0,1
NYK104013,metro,skincare,delayed,correct,refunded,none,0,1
NYK104014,tier2,wellness,delayed,correct,denied,app,0,1
NYK104015,tier2,haircare,on_time,correct,not_applicable,app,0,0
NYK104016,metro,haircare,on_time,correct,not_applicable,app,0,0
NYK104017,tier2,makeup,on_time,correct,not_applicable,app,0,0
NYK104018,metro,haircare,on_time,correct,not_applicable,none,0,0
NYK104019,tier2,haircare,delayed,correct,unresolved,email,0,1
NYK104020,metro,skincare,on_time,correct,not_applicable,social,0,0
NYK104021,metro,wellness,on_time,correct,not_applicable,none,0,0
NYK104022,metro,wellness,on_time,correct,not_applicable,social,0,0
NYK104023,tier3,makeup,on_time,correct,not_applicable,call,0,0
NYK104024,tier3,haircare,on_time,correct,not_applicable,none,0,0
NYK104025,tier3,makeup,on_time,correct,not_applicable,call,0,0
NYK104026,tier2,haircare,on_time,correct,not_applicable,app,0,0
NYK104027,tier2,haircare,on_time,correct,not_applicable,call,0,0
NYK104028,tier2,skincare,on_time,correct,not_applicable,none,0,0
NYK104029,tier3,skincare,delayed,correct,replaced,social,0,1
NYK104030,tier2,skincare,on_time,correct,not_applicable,call,0,0
NYK104031,metro,wellness,on_time,correct,not_applicable,none,0,0
NYK104032,tier2,makeup,on_time,correct,not_applicable,call,0,0
NYK104033,tier2,haircare,on_time,correct,not_applicable,email,0,0
NYK104034,metro,makeup,on_time,damaged,denied,call,1,0
NYK104035,metro,skincare,on_time,correct,not_applicable,app,0,0
NYK104036,metro,wellness,delayed,correct,unresolved,call,0,1
NYK104037,tier3,makeup,on_time,correct,not_applicable,none,0,0
NYK104038,metro,makeup,on_time,correct,not_applicable,none,0,0
NYK104039,tier3,skincare,on_time,correct,not_applicable,app,0,0
NYK104040,tier2,skincare,on_time,correct,not_applicable,app,0,0
NYK104041,tier3,skincare,delayed,correct,denied,app,0,1
NYK104042,metro,makeup,on_time,correct,not_applicable,social,0,0
NYK104043,tier3,makeup,delayed,correct,refunded,call,0,1
NYK104044,tier2,skincare,delayed,correct,replaced,email,0,1
NYK104045,metro,skincare,on_time,correct,not_applicable,app,0,0
NYK104046,metro,skincare,not_delivered,correct,refunded,app,0,1
NYK104047,metro,makeup,delayed,correct,replaced,none,0,1
NYK104048,metro,wellness,on_time,correct,not_applicable,email,0,0
NYK104049,tier2,makeup,on_time,correct,not_applicable,app,0,0
NYK104050,tier3,skincare,on_time,correct,not_applicable,app,0,0
NYK104051,tier2,makeup,delayed,correct,refunded,app,0,1
NYK104052,tier2,wellness,delayed,correct,denied,app,0,1
NYK104053,tier2,haircare,delayed,correct,denied,app,0,1
NYK104054,tier3,haircare,on_time,correct,not_applicable,email,0,0
NYK104055,tier3,wellness,on_time,correct,not_applicable,app,0,0
NYK104056,metro,makeup,on_time,correct,not_applicable,call,0,0
NYK104057,tier3,wellness,on_time,correct,not_applicable,call,0,0
NYK104058,metro,skincare,on_time,correct,not_applicable,call,0,0
NYK104059,tier3,haircare,on_time,correct,not_applicable,call,0,0
NYK104060,tier3,haircare,on_time,correct,not_applicable,none,0,0
NYK104061,tier2,wellness,on_time,correct,not_applicable,app,0,0
NYK104062,metro,makeup,on_time,correct,not_applicable,social,0,0
NYK104063,tier2,haircare,on_time,damaged,denied,app,1,0
NYK104064,metro,skincare,on_time,correct,not_applicable,app,0,0
NYK104065,tier3,makeup,on_time,correct,not_applicable,app,0,0
NYK104066,metro,makeup,delayed,correct,refunded,email,0,1
NYK104067,tier2,makeup,on_time,correct,not_applicable,call,0,0
NYK104068,tier3,haircare,on_time,wrong_item,refunded,social,0,0
NYK104069,metro,skincare,on_time,correct,not_applicable,app,0,0
NYK104070,metro,skincare,on_time,correct,not_applicable,email,0,0
NYK104071,tier2,skincare,on_time,wrong_item,denied,app,1,0
NYK104072,tier2,haircare,on_time,wrong_item,replaced,app,0,0
NYK104073,metro,haircare,on_time,damaged,unresolved,email,1,0
NYK104074,metro,haircare,on_time,correct,not_applicable,app,0,0
NYK104075,tier2,skincare,on_time,correct,not_applicable,call,0,0
NYK104076,tier2,haircare,on_time,correct,not_applicable,email,0,0
NYK104077,tier2,haircare,on_time,correct,not_applicable,email,0,0
NYK104078,metro,skincare,on_time,correct,not_applicable,email,0,0
NYK104079,tier2,skincare,on_time,correct,not_applicable,app,0,0
NYK104080,metro,makeup,on_time,correct,not_applicable,app,0,0
NYK104081,metro,makeup,on_time,correct,not_applicable,call,0,0
NYK104082,tier2,skincare,on_time,correct,not_applicable,app,0,0
NYK104083,metro,skincare,on_time,correct,not_applicable,call,0,0
NYK104084,tier2,skincare,on_time,correct,not_applicable,call,0,0
NYK104085,tier3,skincare,on_time,correct,not_applicable,call,0,0
NYK104086,tier2,skincare,on_time,correct,not_applicable,call,0,0
NYK104087,tier2,haircare,on_time,correct,not_applicable,app,0,0
NYK104088,metro,makeup,on_time,correct,not_applicable,app,0,0
NYK104089,metro,makeup,on_time,correct,not_applicable,app,0,0
NYK104090,metro,haircare,on_time,correct,not_applicable,app,0,0
NYK104091,tier3,makeup,on_time,correct,not_applicable,social,0,0
NYK104092,tier3,skincare,delayed,correct,replaced,app,0,1
NYK104093,metro,skincare,on_time,correct,not_applicable,app,0,0
NYK104094,metro,skincare,on_time,correct,not_applicable,none,0,0
NYK104095,metro,makeup,on_time,correct,not_applicable,call,0,0
NYK104096,tier2,makeup,delayed,correct,refunded,app,0,1
NYK104097,tier2,makeup,on_time,correct,not_applicable,social,0,0
NYK104098,tier2,makeup,delayed,correct,denied,email,0,1
NYK104099,tier3,wellness,on_time,correct,not_applicable,none,0,0
NYK104100,metro,skincare,on_time,correct,not_applicable,none,0,0
NYK104101,tier2,makeup,on_time,correct,not_applicable,email,0,0
NYK104102,tier2,makeup,delayed,correct,denied,app,0,1
NYK104103,metro,haircare,not_delivered,correct,refunded,call,0,1
NYK104104,tier3,haircare,delayed,correct,denied,app,0,1
NYK104105,metro,haircare,on_time,correct,not_applicable,call,0,0
NYK104106,tier2,skincare,on_time,correct,not_applicable,none,0,0
NYK104107,tier2,makeup,on_time,correct,not_applicable,app,0,0
NYK104108,tier3,haircare,on_time,correct,not_applicable,none,0,0
NYK104109,tier2,makeup,on_time,correct,not_applicable,call,0,0
NYK104110,metro,wellness,delayed,correct,refunded,app,0,1
NYK104111,tier3,makeup,on_time,correct,not_applicable,none,0,0
NYK104112,tier3,makeup,on_time,correct,not_applicable,call,0,0
NYK104113,tier2,makeup,on_time,correct,not_applicable,call,0,0
NYK104114,tier3,makeup,on_time,correct,not_applicable,call,0,0
NYK104115,metro,haircare,on_time,correct,not_applicable,app,0,0
NYK104116,tier2,skincare,delayed,correct,refunded,app,0,1
NYK104117,tier3,makeup,on_time,correct,not_applicable,email,0,0
NYK104118,metro,makeup,on_time,correct,not_applicable,none,0,0
NYK104119,tier2,haircare,on_time,correct,not_applicable,email,0,0
NYK104120,tier3,makeup,on_time,correct,not_applicable,social,0,0
NYK104121,tier3,wellness,on_time,correct,not_applicable,social,0,0
NYK104122,tier3,haircare,on_time,damaged,refunded,app,0,0
NYK104123,metro,skincare,on_time,correct,not_applicable,social,0,0
NYK104124,tier3,haircare,on_time,correct,not_applicable,social,0,0
NYK104125,metro,wellness,delayed,correct,denied,call,0,1
NYK104126,tier2,skincare,on_time,correct,not_applicable,call,0,0
NYK104127,tier2,makeup,on_time,correct,not_applicable,email,0,0
NYK104128,tier3,skincare,delayed,correct,denied,none,0,1
NYK104129,tier3,makeup,on_time,correct,not_applicable,none,0,0
NYK104130,tier2,skincare,delayed,correct,refunded,call,0,1
NYK104131,tier2,haircare,delayed,correct,denied,social,0,1
NYK104132,tier2,makeup,delayed,correct,denied,call,0,1
NYK104133,tier2,makeup,on_time,correct,not_applicable,none,0,0
NYK104134,tier2,skincare,on_time,correct,not_applicable,email,0,0
NYK104135,metro,haircare,on_time,correct,not_applicable,none,0,0
NYK104136,tier2,makeup,on_time,correct,not_applicable,none,0,0
NYK104137,tier3,makeup,not_delivered,correct,replaced,call,0,1
NYK104138,tier2,skincare,on_time,correct,not_applicable,none,0,0
NYK104139,tier3,skincare,delayed,correct,refunded,email,0,1
NYK104140,metro,makeup,on_time,correct,not_applicable,app,0,0
NYK104141,tier2,wellness,on_time,wrong_item,refunded,app,0,0
NYK104142,metro,skincare,on_time,correct,not_applicable,email,0,0
NYK104143,metro,haircare,on_time,correct,not_applicable,app,0,0
NYK104144,tier2,skincare,on_time,correct,not_applicable,app,0,0
NYK104145,metro,haircare,on_time,correct,not_applicable,email,0,0
NYK104146,metro,skincare,on_time,correct,not_applicable,app,0,0
NYK104147,tier2,makeup,delayed,correct,refunded,call,0,1
NYK104148,tier2,makeup,on_time,correct,not_applicable,social,0,0
NYK104149,tier2,skincare,delayed,correct,unresolved,app,0,1
NYK104150,metro,skincare,on_time,correct,not_applicable,email,0,0
NYK104151,tier2,makeup,on_time,correct,not_applicable,app,0,0
NYK104152,tier2,makeup,delayed,correct,denied,none,0,1
NYK104153,tier2,wellness,on_time,correct,not_applicable,call,0,0
NYK104154,tier2,makeup,on_time,damaged,refunded,social,0,0
NYK104155,metro,wellness,on_time,wrong_item,replaced,email,0,0
NYK104156,tier3,makeup,delayed,correct,refunded,none,0,1
NYK104157,metro,skincare,on_time,correct,not_applicable,call,0,0
NYK104158,tier2,skincare,on_time,correct,not_applicable,call,0,0
NYK104159,metro,makeup,delayed,correct,refunded,app,0,1
NYK104160,tier2,skincare,on_time,correct,not_applicable,call,0,0
NYK104161,metro,haircare,on_time,correct,not_applicable,call,0,0
NYK104162,tier3,haircare,delayed,correct,refunded,email,0,1
NYK104163,metro,makeup,on_time,correct,not_applicable,app,0,0
NYK104164,tier2,makeup,on_time,correct,not_applicable,call,0,0
NYK104165,metro,makeup,on_time,correct,not_applicable,call,0,0
NYK104166,metro,makeup,on_time,correct,not_applicable,email,0,0
NYK104167,tier2,skincare,on_time,correct,not_applicable,email,0,0
NYK104168,tier2,skincare,on_time,correct,not_applicable,call,0,0
NYK104169,tier2,skincare,on_time,correct,not_applicable,call,0,0
NYK104170,tier3,skincare,delayed,correct,refunded,call,0,1
NYK104171,tier2,haircare,on_time,correct,not_applicable,social,0,0
NYK104172,tier3,skincare,on_time,correct,not_applicable,social,0,0
NYK104173,metro,skincare,on_time,correct,not_applicable,app,0,0
NYK104174,tier3,wellness,on_time,wrong_item,refunded,app,0,0
NYK104175,tier2,wellness,on_time,correct,not_applicable,email,0,0
NYK104176,tier2,makeup,on_time,correct,not_applicable,social,0,0
NYK104177,tier3,makeup,delayed,correct,refunded,app,0,1
NYK104178,tier2,haircare,on_time,correct,not_applicable,call,0,0
NYK104179,tier3,skincare,on_time,correct,not_applicable,call,0,0
NYK104180,tier2,makeup,on_time,correct,not_applicable,social,0,0
NYK104181,metro,skincare,on_time,correct,not_applicable,app,0,0
NYK104182,tier2,makeup,on_time,correct,not_applicable,social,0,0
NYK104183,tier2,wellness,on_time,correct,not_applicable,email,0,0
NYK104184,tier3,haircare,delayed,correct,replaced,social,0,1
NYK104185,tier3,wellness,on_time,correct,not_applicable,none,0,0
NYK104186,metro,haircare,on_time,damaged,replaced,call,0,0
NYK104187,metro,makeup,on_time,correct,not_applicable,email,0,0
NYK104188,metro,haircare,on_time,correct,not_applicable,email,0,0
NYK104189,tier2,haircare,delayed,correct,replaced,social,0,1
NYK104190,metro,makeup,on_time,wrong_item,replaced,call,0,0
NYK104191,tier2,skincare,delayed,correct,replaced,app,0,1
NYK104192,tier2,makeup,on_time,correct,not_applicable,none,0,0
NYK104193,tier3,skincare,delayed,correct,replaced,app,0,1
NYK104194,metro,makeup,delayed,wrong_item,unresolved,none,1,1
NYK104195,tier2,skincare,on_time,correct,not_applicable,app,0,0
NYK104196,metro,makeup,on_time,correct,not_applicable,call,0,0
NYK104197,tier3,skincare,on_time,correct,not_applicable,none,0,0
NYK104198,metro,skincare,delayed,correct,refunded,email,0,1
NYK104199,metro,makeup,on_time,correct,not_applicable,email,0,0
NYK104200,metro,skincare,on_time,correct,not_applicable,call,0,0
NYK104201,tier3,wellness,delayed,correct,replaced,app,0,1
NYK104202,metro,makeup,delayed,correct,refunded,app,0,1
NYK104203,tier2,makeup,on_time,correct,not_applicable,email,0,0
NYK104204,tier2,skincare,delayed,correct,replaced,call,0,1
NYK104205,tier3,haircare,on_time,correct,not_applicable,app,0,0
NYK104206,metro,makeup,on_time,correct,not_applicable,call,0,0
NYK104207,metro,makeup,delayed,correct,replaced,none,0,1
NYK104208,tier2,skincare,on_time,correct,not_applicable,social,0,0
NYK104209,metro,haircare,on_time,damaged,denied,call,1,0
NYK104210,tier2,wellness,delayed,correct,unresolved,none,0,1
NYK104211,metro,makeup,on_time,correct,not_applicable,call,0,0
NYK104212,tier2,skincare,on_time,damaged,replaced,call,0,0
NYK104213,metro,skincare,on_time,correct,not_applicable,call,0,0
NYK104214,tier2,skincare,on_time,correct,not_applicable,none,0,0
NYK104215,metro,haircare,on_time,wrong_item,refunded,app,0,0
NYK104216,tier2,wellness,delayed,wrong_item,denied,app,1,1
NYK104217,metro,wellness,on_time,correct,not_applicable,none,0,0
NYK104218,tier3,haircare,delayed,damaged,refunded,email,0,1
NYK104219,tier2,skincare,on_time,correct,not_applicable,social,0,0
NYK104220,metro,wellness,on_time,correct,not_applicable,email,0,0
NYK104221,metro,skincare,on_time,correct,not_applicable,email,0,0
NYK104222,metro,skincare,on_time,correct,not_applicable,app,0,0
NYK104223,metro,haircare,delayed,correct,replaced,social,0,1
NYK104224,metro,skincare,on_time,correct,not_applicable,app,0,0
NYK104225,tier3,haircare,not_delivered,correct,denied,app,0,1
NYK104226,tier2,wellness,on_time,correct,not_applicable,none,0,0
NYK104227,metro,haircare,on_time,correct,not_applicable,app,0,0
NYK104228,tier2,haircare,on_time,correct,not_applicable,app,0,0
NYK104229,metro,makeup,on_time,correct,not_applicable,call,0,0
NYK104230,tier3,skincare,delayed,correct,replaced,social,0,1
NYK104231,metro,haircare,on_time,correct,not_applicable,none,0,0
NYK104232,tier2,makeup,delayed,correct,replaced,app,0,1
NYK104233,tier3,wellness,on_time,wrong_item,refunded,call,0,0
NYK104234,metro,skincare,on_time,damaged,refunded,email,0,0
NYK104235,metro,skincare,on_time,correct,not_applicable,email,0,0
NYK104236,metro,makeup,delayed,correct,unresolved,app,0,1
NYK104237,tier3,haircare,on_time,correct,not_applicable,call,0,0
NYK104238,tier2,haircare,on_time,correct,not_applicable,email,0,0
NYK104239,tier2,wellness,on_time,correct,not_applicable,app,0,0
NYK104240,tier3,skincare,on_time,correct,not_applicable,social,0,0
NYK104241,tier3,makeup,on_time,correct,not_applicable,app,0,0
NYK104242,tier2,skincare,delayed,correct,refunded,social,0,1
NYK104243,tier2,skincare,on_time,correct,not_applicable,email,0,0
NYK104244,tier2,makeup,on_time,correct,not_applicable,email,0,0
NYK104245,metro,makeup,on_time,correct,not_applicable,social,0,0
NYK104246,tier3,makeup,on_time,correct,not_applicable,app,0,0
NYK104247,metro,makeup,on_time,correct,not_applicable,app,0,0
NYK104248,metro,makeup,on_time,correct,not_applicable,call,0,0
NYK104249,tier3,haircare,on_time,correct,not_applicable,social,0,0
NYK104250,metro,skincare,on_time,correct,not_applicable,social,0,0
NYK104251,metro,skincare,on_time,correct,not_applicable,call,0,0
NYK104252,metro,haircare,on_time,correct,not_applicable,social,0,0
NYK104253,tier2,haircare,on_time,correct,not_applicable,app,0,0
NYK104254,tier3,haircare,delayed,correct,refunded,app,0,1
NYK104255,metro,skincare,delayed,correct,replaced,app,0,1
NYK104256,metro,makeup,on_time,correct,not_applicable,none,0,0
NYK104257,tier2,wellness,on_time,correct,not_applicable,call,0,0
NYK104258,tier3,makeup,on_time,wrong_item,replaced,call,0,0
NYK104259,metro,makeup,on_time,correct,not_applicable,email,0,0
NYK104260,tier3,wellness,on_time,correct,not_applicable,app,0,0
NYK104261,tier3,skincare,on_time,correct,not_applicable,app,0,0
NYK104262,metro,haircare,on_time,correct,not_applicable,app,0,0
NYK104263,tier3,haircare,on_time,correct,not_applicable,app,0,0
NYK104264,tier2,skincare,on_time,correct,not_applicable,call,0,0
NYK104265,tier2,haircare,on_time,wrong_item,refunded,app,0,0
NYK104266,tier2,makeup,delayed,damaged,refunded,social,0,1
NYK104267,tier3,haircare,delayed,correct,replaced,social,0,1
NYK104268,tier3,wellness,on_time,correct,not_applicable,none,0,0
NYK104269,tier3,haircare,on_time,correct,not_applicable,app,0,0
NYK104270,tier3,skincare,delayed,correct,replaced,call,0,1
NYK104271,tier2,haircare,delayed,correct,denied,app,0,1
NYK104272,tier3,wellness,delayed,correct,refunded,app,0,1
NYK104273,tier3,makeup,not_delivered,correct,unresolved,email,0,1
NYK104274,metro,makeup,on_time,correct,not_applicable,call,0,0
NYK104275,metro,skincare,on_time,correct,not_applicable,email,0,0
NYK104276,tier2,haircare,on_time,correct,not_applicable,social,0,0
NYK104277,tier3,skincare,on_time,correct,not_applicable,app,0,0
NYK104278,metro,skincare,on_time,correct,not_applicable,none,0,0
NYK104279,tier2,wellness,on_time,correct,not_applicable,app,0,0
NYK104280,metro,wellness,on_time,correct,not_applicable,none,0,0
NYK104281,metro,wellness,on_time,correct,not_applicable,email,0,0
NYK104282,tier2,makeup,on_time,correct,not_applicable,app,0,0
NYK104283,metro,skincare,on_time,correct,not_applicable,call,0,0
NYK104284,tier3,makeup,on_time,correct,not_applicable,app,0,0
NYK104285,metro,skincare,on_time,correct,not_applicable,social,0,0
NYK104286,tier3,haircare,on_time,correct,not_applicable,app,0,0
NYK104287,metro,makeup,on_time,correct,not_applicable,social,0,0
NYK104288,tier3,makeup,on_time,correct,not_applicable,call,0,0
NYK104289,tier2,skincare,on_time,correct,not_applicable,none,0,0
NYK104290,metro,makeup,delayed,correct,refunded,app,0,1
NYK104291,metro,haircare,on_time,correct,not_applicable,email,0,0
NYK104292,metro,haircare,on_time,correct,not_applicable,social,0,0
NYK104293,tier2,skincare,delayed,correct,refunded,app,0,1
NYK104294,tier3,skincare,on_time,correct,not_applicable,app,0,0
NYK104295,tier2,makeup,delayed,correct,unresolved,email,0,1
NYK104296,tier2,skincare,on_time,correct,not_applicable,email,0,0
NYK104297,tier2,wellness,on_time,correct,not_applicable,social,0,0
NYK104298,tier2,haircare,on_time,correct,not_applicable,app,0,0
NYK104299,tier2,skincare,on_time,wrong_item,denied,none,1,0
NYK104300,tier2,haircare,delayed,correct,refunded,none,0,1
NYK104301,tier2,makeup,on_time,wrong_item,replaced,social,0,0
NYK104302,tier3,skincare,on_time,correct,not_applicable,app,0,0
NYK104303,metro,makeup,on_time,wrong_item,denied,app,1,0
NYK104304,metro,skincare,delayed,damaged,refunded,none,0,1
NYK104305,metro,makeup,on_time,correct,not_applicable,email,0,0
NYK104306,tier2,haircare,on_time,correct,not_applicable,email,0,0
NYK104307,metro,wellness,not_delivered,correct,refunded,none,0,1
NYK104308,tier3,skincare,on_time,correct,not_applicable,app,0,0
NYK104309,tier2,makeup,on_time,correct,not_applicable,social,0,0
NYK104310,tier2,skincare,on_time,correct,not_applicable,email,0,0
NYK104311,tier3,makeup,on_time,correct,not_applicable,social,0,0
NYK104312,metro,skincare,on_time,correct,not_applicable,social,0,0
NYK104313,tier3,makeup,on_time,correct,not_applicable,call,0,0
NYK104314,metro,skincare,delayed,correct,replaced,app,0,1
NYK104315,tier2,wellness,on_time,correct,not_applicable,none,0,0
NYK104316,tier3,haircare,on_time,correct,not_applicable,social,0,0
NYK104317,tier3,skincare,delayed,correct,denied,call,0,1
NYK104318,tier3,haircare,on_time,correct,not_applicable,none,0,0
NYK104319,metro,skincare,on_time,correct,not_applicable,call,0,0
NYK104320,tier3,haircare,on_time,correct,not_applicable,call,0,0
NYK104321,tier2,skincare,on_time,correct,not_applicable,none,0,0
NYK104322,tier2,skincare,delayed,correct,replaced,email,0,1
NYK104323,metro,haircare,on_time,correct,not_applicable,none,0,0
NYK104324,metro,makeup,on_time,damaged,replaced,none,0,0
NYK104325,tier2,makeup,on_time,correct,not_applicable,call,0,0
NYK104326,metro,makeup,on_time,wrong_item,unresolved,app,1,0
NYK104327,tier2,skincare,on_time,correct,not_applicable,social,0,0
NYK104328,tier3,skincare,delayed,correct,refunded,call,0,1
NYK104329,tier3,makeup,on_time,damaged,denied,email,1,0
NYK104330,metro,makeup,on_time,correct,not_applicable,call,0,0
NYK104331,tier3,skincare,on_time,correct,not_applicable,app,0,0
NYK104332,metro,makeup,on_time,correct,not_applicable,app,0,0
NYK104333,tier2,makeup,on_time,correct,not_applicable,email,0,0
NYK104334,tier3,haircare,on_time,correct,not_applicable,social,0,0
NYK104335,metro,haircare,on_time,correct,not_applicable,call,0,0
NYK104336,metro,makeup,on_time,correct,not_applicable,app,0,0
NYK104337,metro,makeup,on_time,wrong_item,refunded,call,0,0
NYK104338,tier2,makeup,on_time,correct,not_applicable,social,0,0
NYK104339,tier3,skincare,on_time,correct,not_applicable,app,0,0
NYK104340,metro,skincare,on_time,correct,not_applicable,email,0,0
NYK104341,metro,skincare,on_time,correct,not_applicable,email,0,0
NYK104342,tier2,haircare,on_time,correct,not_applicable,call,0,0
NYK104343,metro,skincare,on_time,correct,not_applicable,email,0,0
NYK104344,tier2,makeup,on_time,correct,not_applicable,none,0,0
NYK104345,tier3,makeup,on_time,correct,not_applicable,app,0,0
NYK104346,tier3,makeup,on_time,correct,not_applicable,app,0,0
NYK104347,tier3,haircare,delayed,correct,denied,app,0,1
NYK104348,tier2,haircare,not_delivered,correct,replaced,email,0,1
NYK104349,tier3,skincare,delayed,correct,refunded,none,0,1
NYK104350,metro,haircare,on_time,correct,not_applicable,email,0,0
NYK104351,metro,makeup,on_time,correct,not_applicable,none,0,0
NYK104352,tier2,skincare,on_time,correct,not_applicable,email,0,0
NYK104353,metro,haircare,on_time,correct,not_applicable,app,0,0
NYK104354,tier3,haircare,delayed,damaged,replaced,app,0,1
NYK104355,tier2,skincare,on_time,correct,not_applicable,email,0,0
NYK104356,tier3,wellness,on_time,correct,not_applicable,email,0,0
NYK104357,metro,makeup,delayed,correct,unresolved,call,0,1
NYK104358,tier2,makeup,on_time,correct,not_applicable,call,0,0
NYK104359,tier2,skincare,on_time,correct,not_applicable,call,0,0
NYK104360,metro,skincare,on_time,correct,not_applicable,call,0,0
NYK104361,tier2,makeup,on_time,damaged,replaced,email,0,0
NYK104362,tier2,makeup,delayed,correct,refunded,email,0,1
NYK104363,tier3,makeup,on_time,correct,not_applicable,social,0,0
NYK104364,tier2,haircare,on_time,correct,not_applicable,call,0,0
NYK104365,metro,skincare,on_time,correct,not_applicable,none,0,0
NYK104366,tier2,haircare,delayed,correct,refunded,call,0,1
NYK104367,tier2,haircare,delayed,wrong_item,denied,call,1,1
NYK104368,metro,haircare,delayed,correct,denied,social,0,1
NYK104369,tier2,haircare,delayed,correct,replaced,none,0,1
NYK104370,metro,haircare,on_time,correct,not_applicable,none,0,0
NYK104371,metro,skincare,on_time,wrong_item,refunded,app,0,0
NYK104372,tier2,haircare,delayed,correct,denied,app,0,1
NYK104373,metro,wellness,on_time,correct,not_applicable,social,0,0
NYK104374,tier2,makeup,on_time,correct,not_applicable,social,0,0
NYK104375,metro,skincare,on_time,correct,not_applicable,call,0,0
NYK104376,tier2,wellness,on_time,correct,not_applicable,app,0,0
NYK104377,metro,skincare,on_time,wrong_item,refunded,call,0,0
NYK104378,tier3,skincare,delayed,correct,refunded,app,0,1
NYK104379,metro,skincare,on_time,correct,not_applicable,app,0,0
NYK104380,tier2,makeup,on_time,correct,not_applicable,email,0,0
NYK104381,metro,makeup,on_time,correct,not_applicable,app,0,0
NYK104382,metro,makeup,on_time,correct,not_applicable,email,0,0
NYK104383,tier2,wellness,on_time,correct,not_applicable,email,0,0
NYK104384,tier3,makeup,on_time,correct,not_applicable,call,0,0
NYK104385,tier3,makeup,on_time,wrong_item,replaced,call,0,0
NYK104386,metro,haircare,on_time,correct,not_applicable,none,0,0
NYK104387,metro,haircare,on_time,correct,not_applicable,email,0,0
NYK104388,tier2,skincare,on_time,correct,not_applicable,none,0,0
NYK104389,tier2,skincare,on_time,correct,not_applicable,call,0,0
NYK104390,metro,makeup,on_time,correct,not_applicable,email,0,0
NYK104391,tier3,haircare,on_time,correct,not_applicable,none,0,0
NYK104392,tier2,makeup,on_time,correct,not_applicable,app,0,0
NYK104393,tier2,skincare,delayed,correct,replaced,app,0,1
NYK104394,metro,haircare,on_time,correct,not_applicable,none,0,0
NYK104395,tier2,haircare,on_time,correct,not_applicable,call,0,0
NYK104396,metro,makeup,on_time,correct,not_applicable,app,0,0
NYK104397,tier3,haircare,on_time,correct,not_applicable,none,0,0
NYK104398,metro,haircare,on_time,correct,not_applicable,app,0,0
NYK104399,tier3,haircare,delayed,correct,unresolved,email,0,1
NYK104400,tier3,haircare,on_time,correct,not_applicable,social,0,0
NYK104401,tier2,haircare,on_time,wrong_item,replaced,social,0,0
NYK104402,metro,makeup,delayed,correct,refunded,call,0,1
NYK104403,metro,makeup,on_time,correct,not_applicable,app,0,0
NYK104404,tier2,haircare,delayed,correct,denied,social,0,1
NYK104405,tier2,makeup,delayed,correct,refunded,social,0,1
NYK104406,tier3,makeup,on_time,correct,not_applicable,app,0,0
NYK104407,metro,skincare,on_time,correct,not_applicable,call,0,0
NYK104408,tier3,haircare,on_time,correct,not_applicable,call,0,0
NYK104409,metro,makeup,on_time,correct,not_applicable,app,0,0
NYK104410,metro,skincare,on_time,correct,not_applicable,social,0,0
NYK104411,metro,makeup,on_time,correct,not_applicable,none,0,0
NYK104412,tier2,skincare,on_time,correct,not_applicable,call,0,0
NYK104413,metro,wellness,on_time,correct,not_applicable,none,0,0
NYK104414,metro,haircare,on_time,correct,not_applicable,social,0,0
NYK104415,tier3,makeup,on_time,correct,not_applicable,email,0,0
NYK104416,tier2,makeup,delayed,correct,unresolved,none,0,1
NYK104417,metro,haircare,on_time,correct,not_applicable,call,0,0
NYK104418,metro,makeup,on_time,correct,not_applicable,none,0,0
NYK104419,tier2,wellness,on_time,correct,not_applicable,app,0,0
NYK104420,metro,skincare,delayed,correct,refunded,call,0,1
NYK104421,metro,skincare,on_time,correct,not_applicable,email,0,0
NYK104422,tier2,makeup,on_time,wrong_item,unresolved,app,1,0
NYK104423,metro,skincare,delayed,damaged,unresolved,email,1,1
NYK104424,tier2,makeup,on_time,correct,not_applicable,call,0,0
NYK104425,metro,haircare,on_time,correct,not_applicable,call,0,0
NYK104426,metro,skincare,on_time,correct,not_applicable,email,0,0
NYK104427,metro,makeup,on_time,correct,not_applicable,app,0,0
NYK104428,metro,haircare,on_time,correct,not_applicable,app,0,0
NYK104429,metro,haircare,on_time,damaged,unresolved,app,1,0
NYK104430,metro,makeup,on_time,correct,not_applicable,none,0,0
NYK104431,tier3,skincare,on_time,wrong_item,refunded,social,0,0
NYK104432,tier3,makeup,delayed,correct,denied,call,0,1
NYK104433,metro,makeup,delayed,correct,denied,email,0,1
NYK104434,tier2,haircare,on_time,correct,not_applicable,email,0,0
NYK104435,tier2,makeup,on_time,correct,not_applicable,app,0,0
NYK104436,tier3,skincare,on_time,correct,not_applicable,app,0,0
NYK104437,metro,haircare,on_time,correct,not_applicable,email,0,0
NYK104438,metro,makeup,on_time,correct,not_applicable,app,0,0
NYK104439,metro,skincare,on_time,correct,not_applicable,none,0,0
NYK104440,metro,makeup,on_time,correct,not_applicable,app,0,0
NYK104441,metro,wellness,on_time,correct,not_applicable,email,0,0
NYK104442,tier3,haircare,on_time,correct,not_applicable,call,0,0
NYK104443,tier3,skincare,on_time,correct,not_applicable,email,0,0
NYK104444,metro,haircare,on_time,correct,not_applicable,none,0,0
NYK104445,tier2,skincare,on_time,correct,not_applicable,call,0,0
NYK104446,metro,makeup,on_time,correct,not_applicable,app,0,0
NYK104447,tier2,makeup,on_time,correct,not_applicable,email,0,0
NYK104448,tier2,skincare,on_time,wrong_item,refunded,app,0,0
NYK104449,metro,skincare,on_time,damaged,replaced,app,0,0
NYK104450,tier3,wellness,delayed,correct,denied,email,0,1
NYK104451,tier3,skincare,delayed,correct,unresolved,app,0,1
NYK104452,tier2,haircare,on_time,correct,not_applicable,app,0,0
NYK104453,tier2,haircare,on_time,correct,not_applicable,call,0,0
NYK104454,tier2,makeup,on_time,correct,not_applicable,call,0,0
NYK104455,metro,skincare,on_time,wrong_item,denied,none,1,0
NYK104456,metro,skincare,on_time,correct,not_applicable,app,0,0
NYK104457,tier2,skincare,on_time,wrong_item,replaced,call,0,0
NYK104458,metro,makeup,on_time,correct,not_applicable,email,0,0
NYK104459,tier3,wellness,on_time,correct,not_applicable,social,0,0
NYK104460,tier2,haircare,on_time,correct,not_applicable,call,0,0
NYK104461,tier2,skincare,on_time,correct,not_applicable,email,0,0
NYK104462,metro,skincare,on_time,correct,not_applicable,email,0,0
NYK104463,tier3,skincare,on_time,correct,not_applicable,call,0,0
NYK104464,metro,wellness,on_time,correct,not_applicable,app,0,0
NYK104465,metro,skincare,on_time,damaged,denied,email,1,0
NYK104466,metro,skincare,on_time,correct,not_applicable,app,0,0
NYK104467,tier2,makeup,on_time,damaged,refunded,call,0,0
NYK104468,tier3,makeup,on_time,correct,not_applicable,email,0,0
NYK104469,metro,skincare,delayed,correct,replaced,app,0,1
NYK104470,tier3,haircare,on_time,correct,not_applicable,app,0,0
NYK104471,metro,skincare,on_time,correct,not_applicable,call,0,0
NYK104472,tier2,skincare,on_time,correct,not_applicable,none,0,0
NYK104473,metro,skincare,on_time,correct,not_applicable,social,0,0
NYK104474,tier2,makeup,on_time,correct,not_applicable,call,0,0
NYK104475,tier2,wellness,delayed,correct,denied,call,0,1
NYK104476,tier2,makeup,on_time,correct,not_applicable,none,0,0
NYK104477,metro,haircare,on_time,correct,not_applicable,email,0,0
NYK104478,tier3,skincare,on_time,correct,not_applicable,email,0,0
NYK104479,tier3,haircare,on_time,correct,not_applicable,app,0,0
NYK104480,tier2,wellness,on_time,correct,not_applicable,app,0,0
NYK104481,tier2,makeup,on_time,correct,not_applicable,app,0,0
NYK104482,tier3,wellness,delayed,damaged,denied,social,1,1
NYK104483,metro,makeup,on_time,correct,not_applicable,none,0,0
NYK104484,tier3,haircare,on_time,correct,not_applicable,app,0,0
NYK104485,metro,skincare,on_time,correct,not_applicable,email,0,0
NYK104486,tier3,makeup,on_time,correct,not_applicable,none,0,0
NYK104487,metro,makeup,on_time,correct,not_applicable,none,0,0
NYK104488,metro,wellness,on_time,correct,not_applicable,call,0,0
NYK104489,tier2,wellness,on_time,wrong_item,denied,app,1,0
NYK104490,tier2,makeup,on_time,correct,not_applicable,none,0,0
NYK104491,tier3,wellness,delayed,correct,replaced,app,0,1
NYK104492,tier3,haircare,delayed,correct,replaced,app,0,1
NYK104493,metro,makeup,delayed,correct,denied,app,0,1
NYK104494,metro,skincare,on_time,damaged,refunded,call,0,0
NYK104495,metro,skincare,on_time,correct,not_applicable,app,0,0
NYK104496,tier2,skincare,not_delivered,correct,unresolved,email,0,1
NYK104497,tier2,skincare,on_time,correct,not_applicable,none,0,0
NYK104498,tier3,wellness,on_time,correct,not_applicable,call,0,0
NYK104499,tier3,skincare,delayed,correct,unresolved,none,0,1
NYK104500,metro,haircare,on_time,wrong_item,unresolved,none,1,0
NYK104501,tier2,makeup,delayed,correct,unresolved,social,0,1
NYK104502,tier2,makeup,on_time,correct,not_applicable,email,0,0
NYK104503,tier2,skincare,delayed,damaged,replaced,none,0,1
NYK104504,metro,makeup,on_time,wrong_item,replaced,email,0,0
NYK104505,metro,makeup,on_time,correct,not_applicable,app,0,0
NYK104506,tier2,makeup,on_time,correct,not_applicable,none,0,0
NYK104507,metro,skincare,on_time,correct,not_applicable,call,0,0
NYK104508,tier3,haircare,on_time,correct,not_applicable,none,0,0
NYK104509,metro,skincare,delayed,correct,denied,call,0,1
NYK104510,tier2,makeup,delayed,correct,refunded,call,0,1
NYK104511,tier2,makeup,delayed,correct,denied,social,0,1
NYK104512,tier3,skincare,on_time,correct,not_applicable,email,0,0
NYK104513,metro,haircare,on_time,correct,not_applicable,call,0,0
NYK104514,metro,skincare,on_time,correct,not_applicable,none,0,0
NYK104515,metro,wellness,on_time,correct,not_applicable,call,0,0
NYK104516,tier2,haircare,on_time,correct,not_applicable,app,0,0
NYK104517,metro,makeup,on_time,correct,not_applicable,email,0,0
NYK104518,tier3,skincare,on_time,damaged,refunded,app,0,0
NYK104519,metro,skincare,on_time,correct,not_applicable,call,0,0
NYK104520,metro,wellness,on_time,correct,not_applicable,app,0,0
NYK104521,tier2,makeup,on_time,damaged,unresolved,app,1,0
NYK104522,tier3,skincare,on_time,correct,not_applicable,none,0,0
NYK104523,tier3,makeup,delayed,correct,replaced,app,0,1
NYK104524,tier2,skincare,delayed,correct,denied,social,0,1
NYK104525,tier2,makeup,on_time,correct,not_applicable,email,0,0
NYK104526,tier2,makeup,delayed,correct,replaced,app,0,1
NYK104527,tier2,skincare,delayed,correct,denied,none,0,1
NYK104528,metro,haircare,on_time,correct,not_applicable,app,0,0
NYK104529,tier2,skincare,on_time,correct,not_applicable,call,0,0
NYK104530,tier3,makeup,on_time,correct,not_applicable,social,0,0
NYK104531,metro,makeup,on_time,correct,not_applicable,social,0,0
NYK104532,tier2,wellness,on_time,correct,not_applicable,call,0,0
NYK104533,tier2,makeup,on_time,correct,not_applicable,social,0,0
NYK104534,tier2,wellness,delayed,wrong_item,unresolved,none,1,1
NYK104535,metro,makeup,on_time,correct,not_applicable,call,0,0
NYK104536,tier2,haircare,on_time,correct,not_applicable,email,0,0
NYK104537,tier3,skincare,not_delivered,correct,replaced,call,0,1
NYK104538,metro,haircare,delayed,correct,refunded,call,0,1
NYK104539,metro,skincare,on_time,correct,not_applicable,call,0,0
NYK104540,metro,wellness,on_time,correct,not_applicable,app,0,0
NYK104541,metro,wellness,not_delivered,correct,refunded,email,0,1
NYK104542,tier3,makeup,on_time,correct,not_applicable,app,0,0
NYK104543,tier2,makeup,delayed,correct,replaced,app,0,1
NYK104544,metro,makeup,on_time,correct,not_applicable,call,0,0
NYK104545,metro,skincare,on_time,correct,not_applicable,app,0,0
NYK104546,tier3,haircare,on_time,correct,not_applicable,email,0,0
NYK104547,metro,haircare,on_time,correct,not_applicable,call,0,0
NYK104548,tier2,makeup,on_time,correct,not_applicable,app,0,0
NYK104549,metro,skincare,on_time,correct,not_applicable,app,0,0
NYK104550,metro,wellness,on_time,correct,not_applicable,app,0,0
NYK104551,tier2,skincare,on_time,correct,not_applicable,email,0,0
NYK104552,metro,makeup,on_time,correct,not_applicable,app,0,0
NYK104553,tier2,skincare,delayed,correct,denied,email,0,1
NYK104554,metro,skincare,on_time,correct,not_applicable,email,0,0
NYK104555,tier2,skincare,on_time,correct,not_applicable,call,0,0
NYK104556,tier3,makeup,on_time,correct,not_applicable,app,0,0
NYK104557,tier2,makeup,delayed,wrong_item,denied,call,1,1
NYK104558,metro,makeup,on_time,correct,not_applicable,call,0,0
NYK104559,tier2,haircare,on_time,correct,not_applicable,call,0,0
NYK104560,tier3,haircare,on_time,correct,not_applicable,none,0,0
NYK104561,metro,skincare,delayed,correct,refunded,app,0,1
NYK104562,metro,skincare,not_delivered,correct,refunded,app,0,1
NYK104563,tier3,makeup,delayed,correct,unresolved,social,0,1
NYK104564,metro,haircare,on_time,correct,not_applicable,none,0,0
NYK104565,tier2,makeup,on_time,correct,not_applicable,call,0,0
NYK104566,tier3,skincare,on_time,damaged,denied,call,1,0
NYK104567,metro,haircare,on_time,correct,not_applicable,app,0,0
NYK104568,tier2,skincare,on_time,damaged,refunded,social,0,0
NYK104569,tier2,makeup,not_delivered,correct,refunded,email,0,1
NYK104570,metro,skincare,not_delivered,damaged,refunded,call,0,1
NYK104571,tier3,haircare,on_time,correct,not_applicable,call,0,0
NYK104572,metro,makeup,on_time,correct,not_applicable,call,0,0
NYK104573,metro,haircare,on_time,correct,not_applicable,email,0,0
NYK104574,tier3,skincare,on_time,correct,not_applicable,app,0,0
NYK104575,metro,makeup,on_time,correct,not_applicable,call,0,0
NYK104576,tier3,skincare,on_time,correct,not_applicable,app,0,0
NYK104577,metro,haircare,on_time,correct,not_applicable,social,0,0
NYK104578,tier2,skincare,on_time,correct,not_applicable,app,0,0
NYK104579,metro,skincare,on_time,correct,not_applicable,none,0,0
NYK104580,tier2,haircare,on_time,correct,not_applicable,call,0,0
NYK104581,tier3,skincare,on_time,correct,not_applicable,call,0,0
NYK104582,tier3,skincare,on_time,correct,not_applicable,call,0,0
NYK104583,tier3,haircare,on_time,correct,not_applicable,call,0,0
NYK104584,tier2,haircare,on_time,correct,not_applicable,call,0,0
NYK104585,tier3,haircare,on_time,correct,not_applicable,call,0,0
NYK104586,tier2,skincare,on_time,correct,not_applicable,app,0,0
NYK104587,tier3,makeup,on_time,correct,not_applicable,call,0,0
NYK104588,tier2,haircare,on_time,correct,not_applicable,social,0,0
NYK104589,tier3,skincare,on_time,correct,not_applicable,app,0,0
NYK104590,metro,haircare,delayed,correct,denied,social,0,1
NYK104591,tier2,skincare,not_delivered,damaged,denied,none,1,1
NYK104592,tier2,wellness,on_time,correct,not_applicable,email,0,0
NYK104593,metro,makeup,delayed,correct,denied,app,0,1
NYK104594,metro,makeup,on_time,correct,not_applicable,email,0,0
NYK104595,tier3,makeup,on_time,correct,not_applicable,social,0,0
NYK104596,tier2,skincare,on_time,correct,not_applicable,call,0,0
NYK104597,metro,skincare,on_time,correct,not_applicable,app,0,0
NYK104598,metro,haircare,on_time,correct,not_applicable,call,0,0
NYK104599,metro,makeup,on_time,correct,not_applicable,call,0,0
NYK104600,tier2,makeup,on_time,correct,not_applicable,app,0,0
NYK104601,tier3,skincare,delayed,damaged,denied,app,1,1
NYK104602,tier3,haircare,on_time,damaged,unresolved,email,1,0
NYK104603,tier2,makeup,delayed,correct,refunded,call,0,1
NYK104604,tier2,skincare,delayed,correct,refunded,app,0,1
NYK104605,metro,wellness,on_time,correct,not_applicable,none,0,0
NYK104606,tier3,makeup,on_time,damaged,replaced,app,0,0
NYK104607,metro,makeup,on_time,wrong_item,unresolved,app,1,0
NYK104608,metro,wellness,on_time,correct,not_applicable,app,0,0
NYK104609,tier3,makeup,not_delivered,correct,replaced,app,0,1
NYK104610,tier3,wellness,on_time,correct,not_applicable,call,0,0
NYK104611,metro,haircare,on_time,correct,not_applicable,app,0,0
NYK104612,tier2,makeup,on_time,correct,not_applicable,none,0,0
NYK104613,tier2,skincare,on_time,correct,not_applicable,none,0,0
NYK104614,metro,skincare,on_time,correct,not_applicable,call,0,0
NYK104615,metro,makeup,on_time,correct,not_applicable,social,0,0
NYK104616,metro,skincare,on_time,wrong_item,replaced,email,0,0
NYK104617,tier2,skincare,on_time,correct,not_applicable,social,0,0
NYK104618,tier2,makeup,on_time,correct,not_applicable,app,0,0
NYK104619,tier2,haircare,on_time,correct,not_applicable,email,0,0
NYK104620,metro,skincare,on_time,correct,not_applicable,app,0,0
NYK104621,tier3,haircare,on_time,correct,not_applicable,app,0,0
NYK104622,tier2,wellness,not_delivered,correct,denied,none,0,1
NYK104623,tier3,haircare,delayed,correct,refunded,app,0,1
NYK104624,metro,haircare,not_delivered,correct,replaced,call,0,1
NYK104625,tier2,haircare,on_time,correct,not_applicable,app,0,0
NYK104626,tier3,skincare,delayed,correct,denied,none,0,1
NYK104627,metro,makeup,on_time,wrong_item,unresolved,call,1,0
NYK104628,metro,wellness,on_time,correct,not_applicable,app,0,0
NYK104629,metro,haircare,on_time,correct,not_applicable,email,0,0
NYK104630,metro,haircare,on_time,correct,not_applicable,app,0,0
NYK104631,tier2,wellness,on_time,damaged,refunded,app,0,0
NYK104632,metro,skincare,on_time,correct,not_applicable,email,0,0
NYK104633,metro,skincare,on_time,correct,not_applicable,none,0,0
NYK104634,tier2,makeup,on_time,correct,not_applicable,social,0,0
NYK104635,metro,skincare,on_time,correct,not_applicable,app,0,0
NYK104636,metro,makeup,on_time,correct,not_applicable,call,0,0
NYK104637,tier2,haircare,on_time,correct,not_applicable,social,0,0
NYK104638,metro,makeup,on_time,correct,not_applicable,app,0,0
NYK104639,metro,skincare,delayed,correct,replaced,email,0,1
NYK104640,metro,haircare,on_time,correct,not_applicable,call,0,0
NYK104641,metro,skincare,on_time,correct,not_applicable,none,0,0
NYK104642,tier2,haircare,on_time,correct,not_applicable,call,0,0
NYK104643,metro,skincare,on_time,correct,not_applicable,none,0,0
NYK104644,metro,haircare,on_time,correct,not_applicable,call,0,0
NYK104645,tier3,makeup,delayed,correct,unresolved,email,0,1
NYK104646,tier3,makeup,on_time,correct,not_applicable,app,0,0
NYK104647,metro,makeup,on_time,correct,not_applicable,call,0,0
NYK104648,metro,skincare,delayed,correct,denied,call,0,1
NYK104649,tier2,makeup,on_time,correct,not_applicable,app,0,0
NYK104650,tier3,haircare,on_time,correct,not_applicable,call,0,0
NYK104651,tier3,haircare,on_time,correct,not_applicable,app,0,0
NYK104652,metro,skincare,on_time,correct,not_applicable,none,0,0
NYK104653,metro,haircare,on_time,wrong_item,denied,social,1,0
NYK104654,tier2,haircare,on_time,correct,not_applicable,email,0,0
NYK104655,tier3,haircare,on_time,correct,not_applicable,call,0,0
NYK104656,tier3,makeup,not_delivered,correct,refunded,app,0,1
NYK104657,metro,skincare,on_time,correct,not_applicable,call,0,0
NYK104658,tier2,wellness,on_time,correct,not_applicable,app,0,0
NYK104659,metro,makeup,on_time,correct,not_applicable,email,0,0
NYK104660,tier2,makeup,on_time,correct,not_applicable,social,0,0
NYK104661,tier3,haircare,on_time,wrong_item,refunded,app,0,0
NYK104662,tier2,skincare,delayed,correct,replaced,app,0,1
NYK104663,metro,haircare,on_time,correct,not_applicable,app,0,0
NYK104664,tier2,skincare,on_time,correct,not_applicable,call,0,0
NYK104665,tier2,haircare,on_time,correct,not_applicable,app,0,0
NYK104666,tier3,wellness,on_time,wrong_item,refunded,call,0,0
NYK104667,metro,wellness,on_time,correct,not_applicable,app,0,0
NYK104668,tier3,wellness,on_time,correct,not_applicable,app,0,0
NYK104669,metro,haircare,on_time,correct,not_applicable,email,0,0
NYK104670,metro,skincare,on_time,correct,not_applicable,none,0,0
NYK104671,metro,wellness,on_time,correct,not_applicable,app,0,0
NYK104672,metro,wellness,on_time,wrong_item,denied,app,1,0
NYK104673,metro,makeup,on_time,correct,not_applicable,app,0,0
NYK104674,tier2,makeup,delayed,correct,denied,social,0,1
NYK104675,metro,skincare,on_time,correct,not_applicable,call,0,0
NYK104676,metro,makeup,on_time,correct,not_applicable,email,0,0
NYK104677,metro,haircare,on_time,correct,not_applicable,call,0,0
NYK104678,metro,makeup,on_time,correct,not_applicable,none,0,0
NYK104679,tier3,makeup,on_time,correct,not_applicable,app,0,0
NYK104680,tier3,makeup,delayed,correct,denied,app,0,1
NYK104681,metro,skincare,on_time,wrong_item,refunded,call,0,0
NYK104682,tier3,wellness,delayed,correct,refunded,call,0,1
NYK104683,tier2,skincare,on_time,correct,not_applicable,app,0,0
NYK104684,tier3,skincare,on_time,correct,not_applicable,none,0,0
NYK104685,metro,skincare,delayed,correct,denied,email,0,1
NYK104686,metro,haircare,on_time,correct,not_applicable,none,0,0
NYK104687,tier2,haircare,on_time,correct,not_applicable,none,0,0
NYK104688,tier3,skincare,delayed,correct,refunded,call,0,1
NYK104689,tier2,skincare,delayed,correct,refunded,none,0,1
NYK104690,tier2,makeup,delayed,correct,replaced,email,0,1
NYK104691,metro,skincare,on_time,wrong_item,refunded,call,0,0
NYK104692,tier2,haircare,on_time,correct,not_applicable,email,0,0
NYK104693,tier3,skincare,on_time,correct,not_applicable,none,0,0
NYK104694,metro,makeup,on_time,correct,not_applicable,social,0,0
NYK104695,tier2,makeup,on_time,correct,not_applicable,email,0,0
NYK104696,tier2,makeup,on_time,correct,not_applicable,app,0,0
NYK104697,tier2,makeup,delayed,correct,refunded,social,0,1
NYK104698,tier2,skincare,on_time,correct,not_applicable,call,0,0
NYK104699,tier3,skincare,on_time,correct,not_applicable,email,0,0
NYK104700,tier3,skincare,not_delivered,correct,refunded,email,0,1
NYK104701,tier2,skincare,on_time,correct,not_applicable,call,0,0
NYK104702,metro,wellness,on_time,correct,not_applicable,app,0,0
NYK104703,metro,skincare,on_time,correct,not_applicable,email,0,0
NYK104704,metro,skincare,on_time,correct,not_applicable,app,0,0
NYK104705,metro,skincare,on_time,correct,not_applicable,app,0,0
NYK104706,metro,haircare,on_time,correct,not_applicable,app,0,0
NYK104707,tier2,wellness,on_time,correct,not_applicable,email,0,0
NYK104708,metro,haircare,on_time,correct,not_applicable,app,0,0
NYK104709,metro,makeup,on_time,correct,not_applicable,call,0,0
NYK104710,tier3,haircare,on_time,correct,not_applicable,none,0,0
NYK104711,metro,makeup,on_time,correct,not_applicable,call,0,0
NYK104712,tier2,haircare,delayed,correct,unresolved,none,0,1
NYK104713,tier3,haircare,on_time,correct,not_applicable,call,0,0
NYK104714,tier2,skincare,on_time,correct,not_applicable,app,0,0
NYK104715,metro,makeup,on_time,correct,not_applicable,social,0,0
NYK104716,metro,skincare,on_time,correct,not_applicable,call,0,0
NYK104717,tier2,skincare,on_time,wrong_item,refunded,none,0,0
NYK104718,tier2,haircare,on_time,damaged,replaced,app,0,0
NYK104719,metro,skincare,on_time,correct,not_applicable,social,0,0
NYK104720,tier2,haircare,delayed,correct,replaced,call,0,1
NYK104721,tier2,wellness,on_time,correct,not_applicable,social,0,0
NYK104722,metro,makeup,on_time,correct,not_applicable,app,0,0
NYK104723,tier2,makeup,on_time,correct,not_applicable,email,0,0
NYK104724,metro,makeup,on_time,correct,not_applicable,app,0,0
NYK104725,metro,haircare,on_time,correct,not_applicable,social,0,0
NYK104726,tier3,skincare,on_time,correct,not_applicable,app,0,0
NYK104727,metro,skincare,on_time,correct,not_applicable,call,0,0
NYK104728,tier2,makeup,delayed,correct,replaced,email,0,1
NYK104729,tier2,wellness,on_time,correct,not_applicable,call,0,0
NYK104730,metro,skincare,on_time,correct,not_applicable,social,0,0
NYK104731,tier3,makeup,on_time,correct,not_applicable,email,0,0
NYK104732,metro,wellness,on_time,correct,not_applicable,app,0,0
NYK104733,metro,skincare,on_time,damaged,replaced,social,0,0
NYK104734,tier3,skincare,on_time,correct,not_applicable,call,0,0
NYK104735,tier2,makeup,on_time,correct,not_applicable,email,0,0
NYK104736,tier2,skincare,on_time,correct,not_applicable,app,0,0
NYK104737,metro,skincare,on_time,damaged,refunded,call,0,0
NYK104738,metro,makeup,on_time,correct,not_applicable,social,0,0
NYK104739,tier2,haircare,on_time,correct,not_applicable,none,0,0
NYK104740,metro,makeup,on_time,correct,not_applicable,none,0,0
NYK104741,metro,makeup,on_time,correct,not_applicable,email,0,0
NYK104742,tier3,makeup,delayed,correct,refunded,app,0,1
NYK104743,metro,makeup,on_time,correct,not_applicable,call,0,0
NYK104744,metro,haircare,delayed,correct,replaced,app,0,1
NYK104745,metro,haircare,on_time,correct,not_applicable,email,0,0
NYK104746,tier2,haircare,on_time,correct,not_applicable,app,0,0
NYK104747,tier2,haircare,on_time,correct,not_applicable,none,0,0
NYK104748,tier3,haircare,delayed,correct,unresolved,app,0,1
NYK104749,metro,skincare,delayed,correct,replaced,app,0,1
NYK104750,metro,wellness,on_time,correct,not_applicable,social,0,0
NYK104751,tier2,haircare,on_time,correct,not_applicable,app,0,0
NYK104752,metro,skincare,on_time,correct,not_applicable,app,0,0
NYK104753,tier2,skincare,delayed,wrong_item,replaced,call,0,1
NYK104754,tier3,makeup,delayed,correct,unresolved,none,0,1
NYK104755,tier2,makeup,delayed,correct,denied,app,0,1
NYK104756,tier2,haircare,on_time,correct,not_applicable,call,0,0
NYK104757,tier3,makeup,delayed,correct,denied,app,0,1
NYK104758,metro,skincare,on_time,correct,not_applicable,email,0,0
NYK104759,tier3,skincare,on_time,correct,not_applicable,call,0,0
NYK104760,tier2,haircare,on_time,correct,not_applicable,email,0,0
NYK104761,tier2,skincare,on_time,correct,not_applicable,call,0,0
NYK104762,tier3,haircare,on_time,correct,not_applicable,none,0,0
NYK104763,tier2,skincare,on_time,correct,not_applicable,email,0,0
NYK104764,tier2,makeup,on_time,correct,not_applicable,email,0,0
NYK104765,metro,makeup,on_time,wrong_item,replaced,call,0,0
NYK104766,tier2,skincare,on_time,correct,not_applicable,call,0,0
NYK104767,tier2,haircare,on_time,correct,not_applicable,call,0,0
NYK104768,metro,haircare,on_time,correct,not_applicable,call,0,0
NYK104769,tier2,skincare,on_time,correct,not_applicable,app,0,0
NYK104770,tier2,makeup,on_time,correct,not_applicable,app,0,0
NYK104771,metro,haircare,on_time,correct,not_applicable,call,0,0
NYK104772,metro,haircare,on_time,correct,not_applicable,app,0,0
NYK104773,tier2,makeup,on_time,correct,not_applicable,app,0,0
NYK104774,metro,haircare,on_time,correct,not_applicable,call,0,0
NYK104775,metro,skincare,on_time,correct,not_applicable,social,0,0
NYK104776,tier2,skincare,on_time,correct,not_applicable,app,0,0
NYK104777,metro,haircare,on_time,correct,not_applicable,social,0,0
NYK104778,metro,haircare,delayed,correct,unresolved,app,0,1
NYK104779,tier2,haircare,on_time,correct,not_applicable,none,0,0
NYK104780,metro,skincare,on_time,correct,not_applicable,call,0,0
NYK104781,tier3,makeup,on_time,correct,not_applicable,call,0,0
NYK104782,tier3,haircare,on_time,correct,not_applicable,email,0,0
NYK104783,tier2,skincare,delayed,correct,replaced,call,0,1
NYK104784,tier3,makeup,on_time,correct,not_applicable,call,0,0
NYK104785,tier3,makeup,on_time,correct,not_applicable,call,0,0
NYK104786,metro,skincare,on_time,correct,not_applicable,none,0,0
NYK104787,tier2,makeup,delayed,wrong_item,denied,none,1,1
NYK104788,metro,skincare,on_time,correct,not_applicable,call,0,0
NYK104789,tier2,wellness,on_time,correct,not_applicable,social,0,0
NYK104790,tier2,skincare,on_time,correct,not_applicable,app,0,0
NYK104791,metro,skincare,on_time,correct,not_applicable,call,0,0
NYK104792,metro,skincare,delayed,wrong_item,denied,call,1,1
NYK104793,tier3,skincare,delayed,correct,replaced,call,0,1
NYK104794,metro,skincare,on_time,correct,not_applicable,none,0,0
NYK104795,metro,makeup,on_time,correct,not_applicable,social,0,0
NYK104796,metro,skincare,on_time,correct,not_applicable,none,0,0
NYK104797,tier2,skincare,on_time,correct,not_applicable,email,0,0
NYK104798,tier3,skincare,delayed,correct,unresolved,call,0,1
NYK104799,tier3,makeup,on_time,correct,not_applicable,social,0,0
NYK104800,tier2,skincare,on_time,correct,not_applicable,app,0,0
NYK104801,metro,makeup,on_time,correct,not_applicable,none,0,0
NYK104802,metro,haircare,on_time,correct,not_applicable,app,0,0
NYK104803,tier2,haircare,on_time,correct,not_applicable,social,0,0
NYK104804,tier3,skincare,on_time,correct,not_applicable,email,0,0
NYK104805,tier2,haircare,on_time,correct,not_applicable,app,0,0
NYK104806,tier2,haircare,on_time,correct,not_applicable,app,0,0
NYK104807,tier2,skincare,on_time,correct,not_applicable,call,0,0
NYK104808,tier2,makeup,on_time,correct,not_applicable,app,0,0
NYK104809,tier2,haircare,on_time,correct,not_applicable,none,0,0
NYK104810,tier2,skincare,delayed,correct,unresolved,app,0,1
NYK104811,tier2,makeup,on_time,damaged,replaced,call,0,0
NYK104812,tier2,makeup,delayed,correct,refunded,app,0,1
NYK104813,tier3,skincare,on_time,correct,not_applicable,app,0,0
NYK104814,tier2,wellness,on_time,correct,not_applicable,app,0,0
NYK104815,metro,skincare,on_time,correct,not_applicable,none,0,0
NYK104816,metro,skincare,on_time,correct,not_applicable,email,0,0
NYK104817,tier2,skincare,delayed,correct,denied,none,0,1
NYK104818,tier2,makeup,on_time,correct,not_applicable,call,0,0
NYK104819,tier2,haircare,on_time,wrong_item,refunded,app,0,0
NYK104820,tier2,haircare,on_time,wrong_item,replaced,app,0,0
NYK104821,metro,wellness,on_time,correct,not_applicable,call,0,0
NYK104822,tier2,makeup,on_time,correct,not_applicable,app,0,0
NYK104823,tier2,makeup,delayed,correct,refunded,app,0,1
NYK104824,tier2,makeup,on_time,correct,not_applicable,email,0,0
NYK104825,tier2,skincare,on_time,correct,not_applicable,app,0,0
NYK104826,metro,wellness,on_time,damaged,denied,email,1,0
NYK104827,tier2,makeup,on_time,correct,not_applicable,email,0,0
NYK104828,tier3,makeup,on_time,correct,not_applicable,email,0,0
NYK104829,tier3,makeup,delayed,correct,unresolved,call,0,1
NYK104830,tier2,haircare,on_time,correct,not_applicable,email,0,0
NYK104831,metro,skincare,on_time,wrong_item,refunded,call,0,0
NYK104832,tier2,haircare,delayed,correct,denied,app,0,1
NYK104833,tier2,haircare,on_time,correct,not_applicable,call,0,0
NYK104834,metro,haircare,delayed,correct,unresolved,app,0,1
NYK104835,tier3,skincare,on_time,correct,not_applicable,call,0,0
NYK104836,metro,skincare,on_time,wrong_item,refunded,email,0,0
NYK104837,metro,makeup,on_time,correct,not_applicable,social,0,0
NYK104838,metro,haircare,on_time,correct,not_applicable,app,0,0
NYK104839,metro,wellness,on_time,correct,not_applicable,app,0,0
NYK104840,tier3,makeup,on_time,correct,not_applicable,app,0,0
NYK104841,tier2,skincare,on_time,damaged,refunded,none,0,0
NYK104842,metro,skincare,on_time,damaged,replaced,call,0,0
NYK104843,tier2,makeup,on_time,correct,not_applicable,call,0,0
NYK104844,metro,skincare,on_time,damaged,denied,app,1,0
NYK104845,metro,makeup,on_time,correct,not_applicable,social,0,0
NYK104846,metro,haircare,on_time,correct,not_applicable,call,0,0
NYK104847,tier2,makeup,on_time,correct,not_applicable,app,0,0
NYK104848,metro,makeup,on_time,correct,not_applicable,call,0,0
NYK104849,tier3,skincare,on_time,correct,not_applicable,email,0,0
NYK104850,metro,skincare,on_time,correct,not_applicable,call,0,0
NYK104851,tier2,haircare,on_time,correct,not_applicable,none,0,0
NYK104852,tier3,makeup,on_time,correct,not_applicable,none,0,0
NYK104853,metro,skincare,on_time,correct,not_applicable,call,0,0
NYK104854,metro,skincare,on_time,correct,not_applicable,none,0,0
NYK104855,tier3,skincare,on_time,correct,not_applicable,social,0,0
NYK104856,tier2,haircare,on_time,correct,not_applicable,call,0,0
NYK104857,tier2,makeup,on_time,correct,not_applicable,social,0,0
NYK104858,metro,makeup,on_time,wrong_item,replaced,call,0,0
NYK104859,metro,makeup,on_time,correct,not_applicable,call,0,0
NYK104860,tier2,skincare,on_time,correct,not_applicable,call,0,0
NYK104861,tier3,makeup,on_time,correct,not_applicable,social,0,0
NYK104862,metro,skincare,on_time,correct,not_applicable,none,0,0
NYK104863,tier3,wellness,on_time,damaged,refunded,call,0,0
NYK104864,tier2,skincare,on_time,correct,not_applicable,email,0,0
NYK104865,metro,makeup,on_time,correct,not_applicable,email,0,0
NYK104866,metro,skincare,on_time,correct,not_applicable,none,0,0
NYK104867,metro,haircare,on_time,correct,not_applicable,call,0,0
NYK104868,tier2,skincare,on_time,wrong_item,refunded,app,0,0
NYK104869,tier2,wellness,on_time,correct,not_applicable,app,0,0
NYK104870,tier2,skincare,on_time,correct,not_applicable,app,0,0
NYK104871,metro,haircare,delayed,correct,replaced,app,0,1
NYK104872,tier2,haircare,delayed,correct,refunded,call,0,1
NYK104873,tier2,skincare,on_time,correct,not_applicable,app,0,0
NYK104874,tier2,skincare,on_time,correct,not_applicable,none,0,0
NYK104875,tier2,makeup,on_time,correct,not_applicable,call,0,0
NYK104876,metro,haircare,delayed,damaged,denied,call,1,1
NYK104877,tier2,haircare,on_time,correct,not_applicable,social,0,0
NYK104878,metro,skincare,on_time,correct,not_applicable,call,0,0
NYK104879,metro,makeup,on_time,correct,not_applicable,email,0,0
NYK104880,metro,skincare,on_time,correct,not_applicable,social,0,0
NYK104881,tier2,skincare,on_time,correct,not_applicable,call,0,0
NYK104882,tier2,makeup,on_time,correct,not_applicable,call,0,0
NYK104883,metro,skincare,on_time,correct,not_applicable,call,0,0
NYK104884,tier3,skincare,delayed,correct,refunded,call,0,1
NYK104885,tier3,haircare,on_time,correct,not_applicable,email,0,0
NYK104886,metro,haircare,on_time,correct,not_applicable,call,0,0
NYK104887,tier2,haircare,delayed,correct,denied,call,0,1
NYK104888,metro,skincare,on_time,correct,not_applicable,call,0,0
NYK104889,tier3,wellness,on_time,correct,not_applicable,app,0,0
NYK104890,metro,makeup,not_delivered,correct,denied,app,0,1
NYK104891,metro,makeup,on_time,correct,not_applicable,call,0,0
NYK104892,tier2,skincare,on_time,correct,not_applicable,app,0,0
NYK104893,metro,haircare,on_time,correct,not_applicable,email,0,0
NYK104894,tier2,makeup,on_time,correct,not_applicable,none,0,0
NYK104895,tier2,haircare,delayed,correct,unresolved,social,0,1
NYK104896,metro,haircare,on_time,correct,not_applicable,call,0,0
NYK104897,tier2,haircare,on_time,correct,not_applicable,call,0,0
NYK104898,tier3,haircare,on_time,correct,not_applicable,email,0,0
NYK104899,tier3,wellness,on_time,correct,not_applicable,email,0,0
NYK104900,tier2,skincare,delayed,correct,refunded,none,0,1
NYK104901,metro,skincare,on_time,correct,not_applicable,call,0,0
NYK104902,metro,haircare,on_time,wrong_item,denied,app,1,0
NYK104903,tier3,makeup,on_time,correct,not_applicable,call,0,0
NYK104904,tier2,makeup,on_time,correct,not_applicable,none,0,0
NYK104905,tier2,haircare,on_time,damaged,denied,email,1,0
NYK104906,tier3,makeup,on_time,correct,not_applicable,none,0,0
NYK104907,metro,haircare,on_time,correct,not_applicable,email,0,0
NYK104908,tier2,skincare,on_time,damaged,replaced,none,0,0
NYK104909,metro,haircare,on_time,correct,not_applicable,call,0,0
NYK104910,metro,skincare,on_time,correct,not_applicable,none,0,0
NYK104911,tier2,makeup,on_time,correct,not_applicable,none,0,0
NYK104912,metro,haircare,on_time,correct,not_applicable,social,0,0
NYK104913,tier3,skincare,on_time,correct,not_applicable,none,0,0
NYK104914,metro,skincare,on_time,correct,not_applicable,call,0,0
NYK104915,tier3,skincare,on_time,correct,not_applicable,email,0,0
NYK104916,tier2,makeup,on_time,correct,not_applicable,email,0,0
NYK104917,tier2,makeup,on_time,wrong_item,refunded,social,0,0
NYK104918,tier3,skincare,delayed,correct,refunded,social,0,1
NYK104919,tier2,haircare,on_time,wrong_item,denied,social,1,0
NYK104920,metro,skincare,on_time,correct,not_applicable,call,0,0
NYK104921,metro,makeup,on_time,correct,not_applicable,social,0,0
NYK104922,metro,makeup,on_time,correct,not_applicable,none,0,0
NYK104923,tier3,skincare,on_time,correct,not_applicable,email,0,0
NYK104924,tier2,skincare,on_time,correct,not_applicable,call,0,0
NYK104925,metro,wellness,on_time,correct,not_applicable,none,0,0
NYK104926,metro,haircare,on_time,correct,not_applicable,social,0,0
NYK104927,tier2,skincare,delayed,correct,replaced,call,0,1
NYK104928,tier2,haircare,on_time,correct,not_applicable,email,0,0
NYK104929,metro,makeup,on_time,damaged,unresolved,email,1,0
NYK104930,tier3,skincare,on_time,damaged,denied,email,1,0
NYK104931,tier2,haircare,on_time,correct,not_applicable,call,0,0
NYK104932,tier3,makeup,delayed,correct,denied,app,0,1
NYK104933,metro,skincare,on_time,correct,not_applicable,none,0,0
NYK104934,tier2,haircare,delayed,correct,unresolved,none,0,1
NYK104935,metro,skincare,on_time,damaged,denied,call,1,0
NYK104936,metro,skincare,on_time,correct,not_applicable,none,0,0
NYK104937,tier2,skincare,on_time,correct,not_applicable,call,0,0
NYK104938,tier2,haircare,on_time,correct,not_applicable,app,0,0
NYK104939,metro,haircare,on_time,correct,not_applicable,email,0,0
NYK104940,tier3,wellness,on_time,damaged,refunded,app,0,0
NYK104941,metro,skincare,delayed,correct,refunded,app,0,1
NYK104942,tier2,haircare,on_time,correct,not_applicable,none,0,0
NYK104943,tier3,makeup,on_time,correct,not_applicable,call,0,0
NYK104944,tier2,skincare,delayed,correct,denied,app,0,1
NYK104945,tier3,skincare,on_time,correct,not_applicable,call,0,0
NYK104946,tier2,haircare,on_time,correct,not_applicable,email,0,0
NYK104947,tier3,skincare,on_time,correct,not_applicable,email,0,0
NYK104948,tier2,makeup,delayed,correct,replaced,call,0,1
NYK104949,tier2,makeup,on_time,wrong_item,unresolved,call,1,0
NYK104950,metro,skincare,on_time,correct,not_applicable,call,0,0
NYK104951,tier2,wellness,on_time,correct,not_applicable,email,0,0
NYK104952,metro,haircare,on_time,correct,not_applicable,none,0,0
NYK104953,tier3,makeup,on_time,damaged,refunded,call,0,0
NYK104954,metro,haircare,on_time,correct,not_applicable,none,0,0
NYK104955,metro,makeup,on_time,damaged,refunded,none,0,0
NYK104956,tier3,haircare,on_time,correct,not_applicable,call,0,0
NYK104957,metro,skincare,on_time,correct,not_applicable,app,0,0
NYK104958,metro,makeup,delayed,correct,denied,email,0,1
NYK104959,tier2,skincare,on_time,correct,not_applicable,none,0,0
NYK104960,metro,makeup,on_time,correct,not_applicable,app,0,0
NYK104961,metro,makeup,on_time,correct,not_applicable,app,0,0
NYK104962,tier2,skincare,on_time,damaged,denied,email,1,0
NYK104963,metro,wellness,not_delivered,damaged,unresolved,social,1,1
NYK104964,metro,skincare,on_time,correct,not_applicable,app,0,0
NYK104965,metro,skincare,on_time,correct,not_applicable,call,0,0
NYK104966,metro,makeup,on_time,correct,not_applicable,app,0,0
NYK104967,metro,makeup,on_time,correct,not_applicable,none,0,0
NYK104968,metro,skincare,on_time,correct,not_applicable,email,0,0
NYK104969,tier2,makeup,delayed,correct,refunded,call,0,1
NYK104970,tier2,haircare,on_time,wrong_item,replaced,none,0,0
NYK104971,metro,skincare,on_time,correct,not_applicable,call,0,0
NYK104972,metro,wellness,on_time,wrong_item,denied,none,1,0
NYK104973,tier3,skincare,delayed,correct,unresolved,app,0,1
NYK104974,tier2,makeup,on_time,correct,not_applicable,app,0,0
NYK104975,tier2,skincare,on_time,correct,not_applicable,call,0,0
NYK104976,tier2,haircare,on_time,correct,not_applicable,app,0,0
NYK104977,metro,haircare,on_time,correct,not_applicable,social,0,0
NYK104978,tier3,skincare,delayed,correct,refunded,call,0,1
NYK104979,tier3,skincare,on_time,correct,not_applicable,app,0,0
NYK104980,tier3,skincare,on_time,correct,not_applicable,social,0,0
NYK104981,metro,skincare,on_time,correct,not_applicable,call,0,0
NYK104982,metro,wellness,delayed,correct,denied,call,0,1
NYK104983,metro,makeup,on_time,correct,not_applicable,app,0,0
NYK104984,metro,makeup,on_time,correct,not_applicable,none,0,0
NYK104985,metro,wellness,on_time,correct,not_applicable,email,0,0
NYK104986,tier2,haircare,delayed,correct,refunded,none,0,1
NYK104987,metro,haircare,on_time,correct,not_applicable,social,0,0
NYK104988,tier3,skincare,on_time,correct,not_applicable,call,0,0
NYK104989,metro,skincare,on_time,correct,not_applicable,app,0,0
NYK104990,metro,skincare,delayed,correct,denied,email,0,1
NYK104991,tier3,skincare,on_time,correct,not_applicable,app,0,0
NYK104992,tier2,makeup,on_time,correct,not_applicable,none,0,0
NYK104993,metro,skincare,on_time,correct,not_applicable,app,0,0
NYK104994,tier2,makeup,on_time,correct,not_applicable,call,0,0
NYK104995,metro,makeup,delayed,correct,refunded,email,0,1
NYK104996,metro,skincare,on_time,correct,not_applicable,call,0,0
NYK104997,tier2,skincare,on_time,correct,not_applicable,email,0,0
NYK104998,metro,makeup,on_time,correct,not_applicable,social,0,0
NYK104999,tier2,makeup,delayed,correct,unresolved,social,0,1
